filename,repo,repo_url,source_category,path_within_repo
1.c.sl,SaswatPadhi/LoopInvGen,https://github.com/SaswatPadhi/LoopInvGen,benchmarks/LIA/2018.NeurIPS_Code2Inv,benchmarks/LIA/2018.NeurIPS_Code2Inv/1.c.sl
10.c.sl,SaswatPadhi/LoopInvGen,https://github.com/SaswatPadhi/LoopInvGen,benchmarks/LIA/2018.NeurIPS_Code2Inv,benchmarks/LIA/2018.NeurIPS_Code2Inv/10.c.sl
100.c.sl,SaswatPadhi/LoopInvGen,https://github.com/SaswatPadhi/LoopInvGen,benchmarks/LIA/2018.NeurIPS_Code2Inv,benchmarks/LIA/2018.NeurIPS_Code2Inv/100.c.sl
100_conf1.sl,SaswatPadhi/LoopInvGen,https://github.com/SaswatPadhi/LoopInvGen,benchmarks/LIA/2018.NeurIPS_Code2Inv,benchmarks/LIA/2018.NeurIPS_Code2Inv/100_conf1.sl
100_conf5.sl,SaswatPadhi/LoopInvGen,https://github.com/SaswatPadhi/LoopInvGen,benchmarks/LIA/2018.NeurIPS_Code2Inv,benchmarks/LIA/2018.NeurIPS_Code2Inv/100_conf5.sl
101.c.sl,SaswatPadhi/LoopInvGen,https://github.com/SaswatPadhi/LoopInvGen,benchmarks/LIA/2018.NeurIPS_Code2Inv,benchmarks/LIA/2018.NeurIPS_Code2Inv/101.c.sl
101_conf1.sl,SaswatPadhi/LoopInvGen,https://github.com/SaswatPadhi/LoopInvGen,benchmarks/LIA/2018.NeurIPS_Code2Inv,benchmarks/LIA/2018.NeurIPS_Code2Inv/101_conf1.sl
101_conf5.sl,SaswatPadhi/LoopInvGen,https://github.com/SaswatPadhi/LoopInvGen,benchmarks/LIA/2018.NeurIPS_Code2Inv,benchmarks/LIA/2018.NeurIPS_Code2Inv/101_conf5.sl
102.c.sl,SaswatPadhi/LoopInvGen,https://github.com/SaswatPadhi/LoopInvGen,benchmarks/LIA/2018.NeurIPS_Code2Inv,benchmarks/LIA/2018.NeurIPS_Code2Inv/102.c.sl
102_conf1.sl,SaswatPadhi/LoopInvGen,https://github.com/SaswatPadhi/LoopInvGen,benchmarks/LIA/2018.NeurIPS_Code2Inv,benchmarks/LIA/2018.NeurIPS_Code2Inv/102_conf1.sl
102_conf5.sl,SaswatPadhi/LoopInvGen,https://github.com/SaswatPadhi/LoopInvGen,benchmarks/LIA/2018.NeurIPS_Code2Inv,benchmarks/LIA/2018.NeurIPS_Code2Inv/102_conf5.sl
103.c.sl,SaswatPadhi/LoopInvGen,https://github.com/SaswatPadhi/LoopInvGen,benchmarks/LIA/2018.NeurIPS_Code2Inv,benchmarks/LIA/2018.NeurIPS_Code2Inv/103.c.sl
103_conf1.sl,SaswatPadhi/LoopInvGen,https://github.com/SaswatPadhi/LoopInvGen,benchmarks/LIA/2018.NeurIPS_Code2Inv,benchmarks/LIA/2018.NeurIPS_Code2Inv/103_conf1.sl
103_conf5.sl,SaswatPadhi/LoopInvGen,https://github.com/SaswatPadhi/LoopInvGen,benchmarks/LIA/2018.NeurIPS_Code2Inv,benchmarks/LIA/2018.NeurIPS_Code2Inv/103_conf5.sl
106.c.sl,SaswatPadhi/LoopInvGen,https://github.com/SaswatPadhi/LoopInvGen,benchmarks/LIA/2018.NeurIPS_Code2Inv,benchmarks/LIA/2018.NeurIPS_Code2Inv/106.c.sl
106_conf1.sl,SaswatPadhi/LoopInvGen,https://github.com/SaswatPadhi/LoopInvGen,benchmarks/LIA/2018.NeurIPS_Code2Inv,benchmarks/LIA/2018.NeurIPS_Code2Inv/106_conf1.sl
106_conf5.sl,SaswatPadhi/LoopInvGen,https://github.com/SaswatPadhi/LoopInvGen,benchmarks/LIA/2018.NeurIPS_Code2Inv,benchmarks/LIA/2018.NeurIPS_Code2Inv/106_conf5.sl
107.c.sl,SaswatPadhi/LoopInvGen,https://github.com/SaswatPadhi/LoopInvGen,benchmarks/LIA/2018.NeurIPS_Code2Inv,benchmarks/LIA/2018.NeurIPS_Code2Inv/107.c.sl
107_conf1.sl,SaswatPadhi/LoopInvGen,https://github.com/SaswatPadhi/LoopInvGen,benchmarks/LIA/2018.NeurIPS_Code2Inv,benchmarks/LIA/2018.NeurIPS_Code2Inv/107_conf1.sl
107_conf5.sl,SaswatPadhi/LoopInvGen,https://github.com/SaswatPadhi/LoopInvGen,benchmarks/LIA/2018.NeurIPS_Code2Inv,benchmarks/LIA/2018.NeurIPS_Code2Inv/107_conf5.sl
108.c.sl,SaswatPadhi/LoopInvGen,https://github.com/SaswatPadhi/LoopInvGen,benchmarks/LIA/2018.NeurIPS_Code2Inv,benchmarks/LIA/2018.NeurIPS_Code2Inv/108.c.sl
108_conf1.sl,SaswatPadhi/LoopInvGen,https://github.com/SaswatPadhi/LoopInvGen,benchmarks/LIA/2018.NeurIPS_Code2Inv,benchmarks/LIA/2018.NeurIPS_Code2Inv/108_conf1.sl
108_conf5.sl,SaswatPadhi/LoopInvGen,https://github.com/SaswatPadhi/LoopInvGen,benchmarks/LIA/2018.NeurIPS_Code2Inv,benchmarks/LIA/2018.NeurIPS_Code2Inv/108_conf5.sl
109.c.sl,SaswatPadhi/LoopInvGen,https://github.com/SaswatPadhi/LoopInvGen,benchmarks/LIA/2018.NeurIPS_Code2Inv,benchmarks/LIA/2018.NeurIPS_Code2Inv/109.c.sl
109_conf1.sl,SaswatPadhi/LoopInvGen,https://github.com/SaswatPadhi/LoopInvGen,benchmarks/LIA/2018.NeurIPS_Code2Inv,benchmarks/LIA/2018.NeurIPS_Code2Inv/109_conf1.sl
109_conf5.sl,SaswatPadhi/LoopInvGen,https://github.com/SaswatPadhi/LoopInvGen,benchmarks/LIA/2018.NeurIPS_Code2Inv,benchmarks/LIA/2018.NeurIPS_Code2Inv/109_conf5.sl
10_conf1.sl,SaswatPadhi/LoopInvGen,https://github.com/SaswatPadhi/LoopInvGen,benchmarks/LIA/2018.NeurIPS_Code2Inv,benchmarks/LIA/2018.NeurIPS_Code2Inv/10_conf1.sl
10_conf5.sl,SaswatPadhi/LoopInvGen,https://github.com/SaswatPadhi/LoopInvGen,benchmarks/LIA/2018.NeurIPS_Code2Inv,benchmarks/LIA/2018.NeurIPS_Code2Inv/10_conf5.sl
11.c.sl,SaswatPadhi/LoopInvGen,https://github.com/SaswatPadhi/LoopInvGen,benchmarks/LIA/2018.NeurIPS_Code2Inv,benchmarks/LIA/2018.NeurIPS_Code2Inv/11.c.sl
110.c.sl,SaswatPadhi/LoopInvGen,https://github.com/SaswatPadhi/LoopInvGen,benchmarks/LIA/2018.NeurIPS_Code2Inv,benchmarks/LIA/2018.NeurIPS_Code2Inv/110.c.sl
110_conf1.sl,SaswatPadhi/LoopInvGen,https://github.com/SaswatPadhi/LoopInvGen,benchmarks/LIA/2018.NeurIPS_Code2Inv,benchmarks/LIA/2018.NeurIPS_Code2Inv/110_conf1.sl
110_conf5.sl,SaswatPadhi/LoopInvGen,https://github.com/SaswatPadhi/LoopInvGen,benchmarks/LIA/2018.NeurIPS_Code2Inv,benchmarks/LIA/2018.NeurIPS_Code2Inv/110_conf5.sl
111.c.sl,SaswatPadhi/LoopInvGen,https://github.com/SaswatPadhi/LoopInvGen,benchmarks/LIA/2018.NeurIPS_Code2Inv,benchmarks/LIA/2018.NeurIPS_Code2Inv/111.c.sl
111_conf1.sl,SaswatPadhi/LoopInvGen,https://github.com/SaswatPadhi/LoopInvGen,benchmarks/LIA/2018.NeurIPS_Code2Inv,benchmarks/LIA/2018.NeurIPS_Code2Inv/111_conf1.sl
111_conf5.sl,SaswatPadhi/LoopInvGen,https://github.com/SaswatPadhi/LoopInvGen,benchmarks/LIA/2018.NeurIPS_Code2Inv,benchmarks/LIA/2018.NeurIPS_Code2Inv/111_conf5.sl
114.c.sl,SaswatPadhi/LoopInvGen,https://github.com/SaswatPadhi/LoopInvGen,benchmarks/LIA/2018.NeurIPS_Code2Inv,benchmarks/LIA/2018.NeurIPS_Code2Inv/114.c.sl
114_conf1.sl,SaswatPadhi/LoopInvGen,https://github.com/SaswatPadhi/LoopInvGen,benchmarks/LIA/2018.NeurIPS_Code2Inv,benchmarks/LIA/2018.NeurIPS_Code2Inv/114_conf1.sl
114_conf5.sl,SaswatPadhi/LoopInvGen,https://github.com/SaswatPadhi/LoopInvGen,benchmarks/LIA/2018.NeurIPS_Code2Inv,benchmarks/LIA/2018.NeurIPS_Code2Inv/114_conf5.sl
115.c.sl,SaswatPadhi/LoopInvGen,https://github.com/SaswatPadhi/LoopInvGen,benchmarks/LIA/2018.NeurIPS_Code2Inv,benchmarks/LIA/2018.NeurIPS_Code2Inv/115.c.sl
115_conf1.sl,SaswatPadhi/LoopInvGen,https://github.com/SaswatPadhi/LoopInvGen,benchmarks/LIA/2018.NeurIPS_Code2Inv,benchmarks/LIA/2018.NeurIPS_Code2Inv/115_conf1.sl
115_conf5.sl,SaswatPadhi/LoopInvGen,https://github.com/SaswatPadhi/LoopInvGen,benchmarks/LIA/2018.NeurIPS_Code2Inv,benchmarks/LIA/2018.NeurIPS_Code2Inv/115_conf5.sl
118.c.sl,SaswatPadhi/LoopInvGen,https://github.com/SaswatPadhi/LoopInvGen,benchmarks/LIA/2018.NeurIPS_Code2Inv,benchmarks/LIA/2018.NeurIPS_Code2Inv/118.c.sl
118_conf1.sl,SaswatPadhi/LoopInvGen,https://github.com/SaswatPadhi/LoopInvGen,benchmarks/LIA/2018.NeurIPS_Code2Inv,benchmarks/LIA/2018.NeurIPS_Code2Inv/118_conf1.sl
118_conf5.sl,SaswatPadhi/LoopInvGen,https://github.com/SaswatPadhi/LoopInvGen,benchmarks/LIA/2018.NeurIPS_Code2Inv,benchmarks/LIA/2018.NeurIPS_Code2Inv/118_conf5.sl
119.c.sl,SaswatPadhi/LoopInvGen,https://github.com/SaswatPadhi/LoopInvGen,benchmarks/LIA/2018.NeurIPS_Code2Inv,benchmarks/LIA/2018.NeurIPS_Code2Inv/119.c.sl
119_conf1.sl,SaswatPadhi/LoopInvGen,https://github.com/SaswatPadhi/LoopInvGen,benchmarks/LIA/2018.NeurIPS_Code2Inv,benchmarks/LIA/2018.NeurIPS_Code2Inv/119_conf1.sl
119_conf5.sl,SaswatPadhi/LoopInvGen,https://github.com/SaswatPadhi/LoopInvGen,benchmarks/LIA/2018.NeurIPS_Code2Inv,benchmarks/LIA/2018.NeurIPS_Code2Inv/119_conf5.sl
11_conf1.sl,SaswatPadhi/LoopInvGen,https://github.com/SaswatPadhi/LoopInvGen,benchmarks/LIA/2018.NeurIPS_Code2Inv,benchmarks/LIA/2018.NeurIPS_Code2Inv/11_conf1.sl
11_conf5.sl,SaswatPadhi/LoopInvGen,https://github.com/SaswatPadhi/LoopInvGen,benchmarks/LIA/2018.NeurIPS_Code2Inv,benchmarks/LIA/2018.NeurIPS_Code2Inv/11_conf5.sl
12.c.sl,SaswatPadhi/LoopInvGen,https://github.com/SaswatPadhi/LoopInvGen,benchmarks/LIA/2018.NeurIPS_Code2Inv,benchmarks/LIA/2018.NeurIPS_Code2Inv/12.c.sl
120.c.sl,SaswatPadhi/LoopInvGen,https://github.com/SaswatPadhi/LoopInvGen,benchmarks/LIA/2018.NeurIPS_Code2Inv,benchmarks/LIA/2018.NeurIPS_Code2Inv/120.c.sl
120_conf1.sl,SaswatPadhi/LoopInvGen,https://github.com/SaswatPadhi/LoopInvGen,benchmarks/LIA/2018.NeurIPS_Code2Inv,benchmarks/LIA/2018.NeurIPS_Code2Inv/120_conf1.sl
120_conf5.sl,SaswatPadhi/LoopInvGen,https://github.com/SaswatPadhi/LoopInvGen,benchmarks/LIA/2018.NeurIPS_Code2Inv,benchmarks/LIA/2018.NeurIPS_Code2Inv/120_conf5.sl
121.c.sl,SaswatPadhi/LoopInvGen,https://github.com/SaswatPadhi/LoopInvGen,benchmarks/LIA/2018.NeurIPS_Code2Inv,benchmarks/LIA/2018.NeurIPS_Code2Inv/121.c.sl
121_conf1.sl,SaswatPadhi/LoopInvGen,https://github.com/SaswatPadhi/LoopInvGen,benchmarks/LIA/2018.NeurIPS_Code2Inv,benchmarks/LIA/2018.NeurIPS_Code2Inv/121_conf1.sl
121_conf5.sl,SaswatPadhi/LoopInvGen,https://github.com/SaswatPadhi/LoopInvGen,benchmarks/LIA/2018.NeurIPS_Code2Inv,benchmarks/LIA/2018.NeurIPS_Code2Inv/121_conf5.sl
124.c.sl,SaswatPadhi/LoopInvGen,https://github.com/SaswatPadhi/LoopInvGen,benchmarks/LIA/2018.NeurIPS_Code2Inv,benchmarks/LIA/2018.NeurIPS_Code2Inv/124.c.sl
124_conf1.sl,SaswatPadhi/LoopInvGen,https://github.com/SaswatPadhi/LoopInvGen,benchmarks/LIA/2018.NeurIPS_Code2Inv,benchmarks/LIA/2018.NeurIPS_Code2Inv/124_conf1.sl
124_conf5.sl,SaswatPadhi/LoopInvGen,https://github.com/SaswatPadhi/LoopInvGen,benchmarks/LIA/2018.NeurIPS_Code2Inv,benchmarks/LIA/2018.NeurIPS_Code2Inv/124_conf5.sl
125.c.sl,SaswatPadhi/LoopInvGen,https://github.com/SaswatPadhi/LoopInvGen,benchmarks/LIA/2018.NeurIPS_Code2Inv,benchmarks/LIA/2018.NeurIPS_Code2Inv/125.c.sl
125_conf1.sl,SaswatPadhi/LoopInvGen,https://github.com/SaswatPadhi/LoopInvGen,benchmarks/LIA/2018.NeurIPS_Code2Inv,benchmarks/LIA/2018.NeurIPS_Code2Inv/125_conf1.sl
125_conf5.sl,SaswatPadhi/LoopInvGen,https://github.com/SaswatPadhi/LoopInvGen,benchmarks/LIA/2018.NeurIPS_Code2Inv,benchmarks/LIA/2018.NeurIPS_Code2Inv/125_conf5.sl
128.c.sl,SaswatPadhi/LoopInvGen,https://github.com/SaswatPadhi/LoopInvGen,benchmarks/LIA/2018.NeurIPS_Code2Inv,benchmarks/LIA/2018.NeurIPS_Code2Inv/128.c.sl
128_conf1.sl,SaswatPadhi/LoopInvGen,https://github.com/SaswatPadhi/LoopInvGen,benchmarks/LIA/2018.NeurIPS_Code2Inv,benchmarks/LIA/2018.NeurIPS_Code2Inv/128_conf1.sl
128_conf5.sl,SaswatPadhi/LoopInvGen,https://github.com/SaswatPadhi/LoopInvGen,benchmarks/LIA/2018.NeurIPS_Code2Inv,benchmarks/LIA/2018.NeurIPS_Code2Inv/128_conf5.sl
12_conf1.sl,SaswatPadhi/LoopInvGen,https://github.com/SaswatPadhi/LoopInvGen,benchmarks/LIA/2018.NeurIPS_Code2Inv,benchmarks/LIA/2018.NeurIPS_Code2Inv/12_conf1.sl
12_conf5.sl,SaswatPadhi/LoopInvGen,https://github.com/SaswatPadhi/LoopInvGen,benchmarks/LIA/2018.NeurIPS_Code2Inv,benchmarks/LIA/2018.NeurIPS_Code2Inv/12_conf5.sl
13.c.sl,SaswatPadhi/LoopInvGen,https://github.com/SaswatPadhi/LoopInvGen,benchmarks/LIA/2018.NeurIPS_Code2Inv,benchmarks/LIA/2018.NeurIPS_Code2Inv/13.c.sl
130.c.sl,SaswatPadhi/LoopInvGen,https://github.com/SaswatPadhi/LoopInvGen,benchmarks/LIA/2018.NeurIPS_Code2Inv,benchmarks/LIA/2018.NeurIPS_Code2Inv/130.c.sl
130_conf1.sl,SaswatPadhi/LoopInvGen,https://github.com/SaswatPadhi/LoopInvGen,benchmarks/LIA/2018.NeurIPS_Code2Inv,benchmarks/LIA/2018.NeurIPS_Code2Inv/130_conf1.sl
130_conf5.sl,SaswatPadhi/LoopInvGen,https://github.com/SaswatPadhi/LoopInvGen,benchmarks/LIA/2018.NeurIPS_Code2Inv,benchmarks/LIA/2018.NeurIPS_Code2Inv/130_conf5.sl
131.c.sl,SaswatPadhi/LoopInvGen,https://github.com/SaswatPadhi/LoopInvGen,benchmarks/LIA/2018.NeurIPS_Code2Inv,benchmarks/LIA/2018.NeurIPS_Code2Inv/131.c.sl
131_conf1.sl,SaswatPadhi/LoopInvGen,https://github.com/SaswatPadhi/LoopInvGen,benchmarks/LIA/2018.NeurIPS_Code2Inv,benchmarks/LIA/2018.NeurIPS_Code2Inv/131_conf1.sl
131_conf5.sl,SaswatPadhi/LoopInvGen,https://github.com/SaswatPadhi/LoopInvGen,benchmarks/LIA/2018.NeurIPS_Code2Inv,benchmarks/LIA/2018.NeurIPS_Code2Inv/131_conf5.sl
132.c.sl,SaswatPadhi/LoopInvGen,https://github.com/SaswatPadhi/LoopInvGen,benchmarks/LIA/2018.NeurIPS_Code2Inv,benchmarks/LIA/2018.NeurIPS_Code2Inv/132.c.sl
132_conf1.sl,SaswatPadhi/LoopInvGen,https://github.com/SaswatPadhi/LoopInvGen,benchmarks/LIA/2018.NeurIPS_Code2Inv,benchmarks/LIA/2018.NeurIPS_Code2Inv/132_conf1.sl
132_conf5.sl,SaswatPadhi/LoopInvGen,https://github.com/SaswatPadhi/LoopInvGen,benchmarks/LIA/2018.NeurIPS_Code2Inv,benchmarks/LIA/2018.NeurIPS_Code2Inv/132_conf5.sl
133.c.sl,SaswatPadhi/LoopInvGen,https://github.com/SaswatPadhi/LoopInvGen,benchmarks/LIA/2018.NeurIPS_Code2Inv,benchmarks/LIA/2018.NeurIPS_Code2Inv/133.c.sl
133_conf1.sl,SaswatPadhi/LoopInvGen,https://github.com/SaswatPadhi/LoopInvGen,benchmarks/LIA/2018.NeurIPS_Code2Inv,benchmarks/LIA/2018.NeurIPS_Code2Inv/133_conf1.sl
133_conf5.sl,SaswatPadhi/LoopInvGen,https://github.com/SaswatPadhi/LoopInvGen,benchmarks/LIA/2018.NeurIPS_Code2Inv,benchmarks/LIA/2018.NeurIPS_Code2Inv/133_conf5.sl
13_conf1.sl,SaswatPadhi/LoopInvGen,https://github.com/SaswatPadhi/LoopInvGen,benchmarks/LIA/2018.NeurIPS_Code2Inv,benchmarks/LIA/2018.NeurIPS_Code2Inv/13_conf1.sl
13_conf5.sl,SaswatPadhi/LoopInvGen,https://github.com/SaswatPadhi/LoopInvGen,benchmarks/LIA/2018.NeurIPS_Code2Inv,benchmarks/LIA/2018.NeurIPS_Code2Inv/13_conf5.sl
15.c.sl,SaswatPadhi/LoopInvGen,https://github.com/SaswatPadhi/LoopInvGen,benchmarks/LIA/2018.NeurIPS_Code2Inv,benchmarks/LIA/2018.NeurIPS_Code2Inv/15.c.sl
15_conf1.sl,SaswatPadhi/LoopInvGen,https://github.com/SaswatPadhi/LoopInvGen,benchmarks/LIA/2018.NeurIPS_Code2Inv,benchmarks/LIA/2018.NeurIPS_Code2Inv/15_conf1.sl
15_conf5.sl,SaswatPadhi/LoopInvGen,https://github.com/SaswatPadhi/LoopInvGen,benchmarks/LIA/2018.NeurIPS_Code2Inv,benchmarks/LIA/2018.NeurIPS_Code2Inv/15_conf5.sl
16.c.sl,SaswatPadhi/LoopInvGen,https://github.com/SaswatPadhi/LoopInvGen,benchmarks/LIA/2018.NeurIPS_Code2Inv,benchmarks/LIA/2018.NeurIPS_Code2Inv/16.c.sl
16_conf1.sl,SaswatPadhi/LoopInvGen,https://github.com/SaswatPadhi/LoopInvGen,benchmarks/LIA/2018.NeurIPS_Code2Inv,benchmarks/LIA/2018.NeurIPS_Code2Inv/16_conf1.sl
16_conf5.sl,SaswatPadhi/LoopInvGen,https://github.com/SaswatPadhi/LoopInvGen,benchmarks/LIA/2018.NeurIPS_Code2Inv,benchmarks/LIA/2018.NeurIPS_Code2Inv/16_conf5.sl
17.c.sl,SaswatPadhi/LoopInvGen,https://github.com/SaswatPadhi/LoopInvGen,benchmarks/LIA/2018.NeurIPS_Code2Inv,benchmarks/LIA/2018.NeurIPS_Code2Inv/17.c.sl
17_conf1.sl,SaswatPadhi/LoopInvGen,https://github.com/SaswatPadhi/LoopInvGen,benchmarks/LIA/2018.NeurIPS_Code2Inv,benchmarks/LIA/2018.NeurIPS_Code2Inv/17_conf1.sl
17_conf5.sl,SaswatPadhi/LoopInvGen,https://github.com/SaswatPadhi/LoopInvGen,benchmarks/LIA/2018.NeurIPS_Code2Inv,benchmarks/LIA/2018.NeurIPS_Code2Inv/17_conf5.sl
18.c.sl,SaswatPadhi/LoopInvGen,https://github.com/SaswatPadhi/LoopInvGen,benchmarks/LIA/2018.NeurIPS_Code2Inv,benchmarks/LIA/2018.NeurIPS_Code2Inv/18.c.sl
18_conf1.sl,SaswatPadhi/LoopInvGen,https://github.com/SaswatPadhi/LoopInvGen,benchmarks/LIA/2018.NeurIPS_Code2Inv,benchmarks/LIA/2018.NeurIPS_Code2Inv/18_conf1.sl
18_conf5.sl,SaswatPadhi/LoopInvGen,https://github.com/SaswatPadhi/LoopInvGen,benchmarks/LIA/2018.NeurIPS_Code2Inv,benchmarks/LIA/2018.NeurIPS_Code2Inv/18_conf5.sl
1_conf1.sl,SaswatPadhi/LoopInvGen,https://github.com/SaswatPadhi/LoopInvGen,benchmarks/LIA/2018.NeurIPS_Code2Inv,benchmarks/LIA/2018.NeurIPS_Code2Inv/1_conf1.sl
1_conf5.sl,SaswatPadhi/LoopInvGen,https://github.com/SaswatPadhi/LoopInvGen,benchmarks/LIA/2018.NeurIPS_Code2Inv,benchmarks/LIA/2018.NeurIPS_Code2Inv/1_conf5.sl
2.c.sl,SaswatPadhi/LoopInvGen,https://github.com/SaswatPadhi/LoopInvGen,benchmarks/LIA/2018.NeurIPS_Code2Inv,benchmarks/LIA/2018.NeurIPS_Code2Inv/2.c.sl
23.c.sl,SaswatPadhi/LoopInvGen,https://github.com/SaswatPadhi/LoopInvGen,benchmarks/LIA/2018.NeurIPS_Code2Inv,benchmarks/LIA/2018.NeurIPS_Code2Inv/23.c.sl
23_conf1.sl,SaswatPadhi/LoopInvGen,https://github.com/SaswatPadhi/LoopInvGen,benchmarks/LIA/2018.NeurIPS_Code2Inv,benchmarks/LIA/2018.NeurIPS_Code2Inv/23_conf1.sl
23_conf5.sl,SaswatPadhi/LoopInvGen,https://github.com/SaswatPadhi/LoopInvGen,benchmarks/LIA/2018.NeurIPS_Code2Inv,benchmarks/LIA/2018.NeurIPS_Code2Inv/23_conf5.sl
24.c.sl,SaswatPadhi/LoopInvGen,https://github.com/SaswatPadhi/LoopInvGen,benchmarks/LIA/2018.NeurIPS_Code2Inv,benchmarks/LIA/2018.NeurIPS_Code2Inv/24.c.sl
24_conf1.sl,SaswatPadhi/LoopInvGen,https://github.com/SaswatPadhi/LoopInvGen,benchmarks/LIA/2018.NeurIPS_Code2Inv,benchmarks/LIA/2018.NeurIPS_Code2Inv/24_conf1.sl
24_conf5.sl,SaswatPadhi/LoopInvGen,https://github.com/SaswatPadhi/LoopInvGen,benchmarks/LIA/2018.NeurIPS_Code2Inv,benchmarks/LIA/2018.NeurIPS_Code2Inv/24_conf5.sl
25.c.sl,SaswatPadhi/LoopInvGen,https://github.com/SaswatPadhi/LoopInvGen,benchmarks/LIA/2018.NeurIPS_Code2Inv,benchmarks/LIA/2018.NeurIPS_Code2Inv/25.c.sl
25_conf1.sl,SaswatPadhi/LoopInvGen,https://github.com/SaswatPadhi/LoopInvGen,benchmarks/LIA/2018.NeurIPS_Code2Inv,benchmarks/LIA/2018.NeurIPS_Code2Inv/25_conf1.sl
25_conf5.sl,SaswatPadhi/LoopInvGen,https://github.com/SaswatPadhi/LoopInvGen,benchmarks/LIA/2018.NeurIPS_Code2Inv,benchmarks/LIA/2018.NeurIPS_Code2Inv/25_conf5.sl
26.c.sl,SaswatPadhi/LoopInvGen,https://github.com/SaswatPadhi/LoopInvGen,benchmarks/LIA/2018.NeurIPS_Code2Inv,benchmarks/LIA/2018.NeurIPS_Code2Inv/26.c.sl
26_conf1.sl,SaswatPadhi/LoopInvGen,https://github.com/SaswatPadhi/LoopInvGen,benchmarks/LIA/2018.NeurIPS_Code2Inv,benchmarks/LIA/2018.NeurIPS_Code2Inv/26_conf1.sl
26_conf5.sl,SaswatPadhi/LoopInvGen,https://github.com/SaswatPadhi/LoopInvGen,benchmarks/LIA/2018.NeurIPS_Code2Inv,benchmarks/LIA/2018.NeurIPS_Code2Inv/26_conf5.sl
27.c.sl,SaswatPadhi/LoopInvGen,https://github.com/SaswatPadhi/LoopInvGen,benchmarks/LIA/2018.NeurIPS_Code2Inv,benchmarks/LIA/2018.NeurIPS_Code2Inv/27.c.sl
27_conf1.sl,SaswatPadhi/LoopInvGen,https://github.com/SaswatPadhi/LoopInvGen,benchmarks/LIA/2018.NeurIPS_Code2Inv,benchmarks/LIA/2018.NeurIPS_Code2Inv/27_conf1.sl
27_conf5.sl,SaswatPadhi/LoopInvGen,https://github.com/SaswatPadhi/LoopInvGen,benchmarks/LIA/2018.NeurIPS_Code2Inv,benchmarks/LIA/2018.NeurIPS_Code2Inv/27_conf5.sl
28.c.sl,SaswatPadhi/LoopInvGen,https://github.com/SaswatPadhi/LoopInvGen,benchmarks/LIA/2018.NeurIPS_Code2Inv,benchmarks/LIA/2018.NeurIPS_Code2Inv/28.c.sl
28_conf1.sl,SaswatPadhi/LoopInvGen,https://github.com/SaswatPadhi/LoopInvGen,benchmarks/LIA/2018.NeurIPS_Code2Inv,benchmarks/LIA/2018.NeurIPS_Code2Inv/28_conf1.sl
28_conf5.sl,SaswatPadhi/LoopInvGen,https://github.com/SaswatPadhi/LoopInvGen,benchmarks/LIA/2018.NeurIPS_Code2Inv,benchmarks/LIA/2018.NeurIPS_Code2Inv/28_conf5.sl
29.c.sl,SaswatPadhi/LoopInvGen,https://github.com/SaswatPadhi/LoopInvGen,benchmarks/LIA/2018.NeurIPS_Code2Inv,benchmarks/LIA/2018.NeurIPS_Code2Inv/29.c.sl
29_conf1.sl,SaswatPadhi/LoopInvGen,https://github.com/SaswatPadhi/LoopInvGen,benchmarks/LIA/2018.NeurIPS_Code2Inv,benchmarks/LIA/2018.NeurIPS_Code2Inv/29_conf1.sl
29_conf5.sl,SaswatPadhi/LoopInvGen,https://github.com/SaswatPadhi/LoopInvGen,benchmarks/LIA/2018.NeurIPS_Code2Inv,benchmarks/LIA/2018.NeurIPS_Code2Inv/29_conf5.sl
2_conf1.sl,SaswatPadhi/LoopInvGen,https://github.com/SaswatPadhi/LoopInvGen,benchmarks/LIA/2018.NeurIPS_Code2Inv,benchmarks/LIA/2018.NeurIPS_Code2Inv/2_conf1.sl
2_conf5.sl,SaswatPadhi/LoopInvGen,https://github.com/SaswatPadhi/LoopInvGen,benchmarks/LIA/2018.NeurIPS_Code2Inv,benchmarks/LIA/2018.NeurIPS_Code2Inv/2_conf5.sl
3.c.sl,SaswatPadhi/LoopInvGen,https://github.com/SaswatPadhi/LoopInvGen,benchmarks/LIA/2018.NeurIPS_Code2Inv,benchmarks/LIA/2018.NeurIPS_Code2Inv/3.c.sl
30.c.sl,SaswatPadhi/LoopInvGen,https://github.com/SaswatPadhi/LoopInvGen,benchmarks/LIA/2018.NeurIPS_Code2Inv,benchmarks/LIA/2018.NeurIPS_Code2Inv/30.c.sl
30_conf1.sl,SaswatPadhi/LoopInvGen,https://github.com/SaswatPadhi/LoopInvGen,benchmarks/LIA/2018.NeurIPS_Code2Inv,benchmarks/LIA/2018.NeurIPS_Code2Inv/30_conf1.sl
30_conf5.sl,SaswatPadhi/LoopInvGen,https://github.com/SaswatPadhi/LoopInvGen,benchmarks/LIA/2018.NeurIPS_Code2Inv,benchmarks/LIA/2018.NeurIPS_Code2Inv/30_conf5.sl
35.c.sl,SaswatPadhi/LoopInvGen,https://github.com/SaswatPadhi/LoopInvGen,benchmarks/LIA/2018.NeurIPS_Code2Inv,benchmarks/LIA/2018.NeurIPS_Code2Inv/35.c.sl
35_conf1.sl,SaswatPadhi/LoopInvGen,https://github.com/SaswatPadhi/LoopInvGen,benchmarks/LIA/2018.NeurIPS_Code2Inv,benchmarks/LIA/2018.NeurIPS_Code2Inv/35_conf1.sl
35_conf5.sl,SaswatPadhi/LoopInvGen,https://github.com/SaswatPadhi/LoopInvGen,benchmarks/LIA/2018.NeurIPS_Code2Inv,benchmarks/LIA/2018.NeurIPS_Code2Inv/35_conf5.sl
36.c.sl,SaswatPadhi/LoopInvGen,https://github.com/SaswatPadhi/LoopInvGen,benchmarks/LIA/2018.NeurIPS_Code2Inv,benchmarks/LIA/2018.NeurIPS_Code2Inv/36.c.sl
36_conf1.sl,SaswatPadhi/LoopInvGen,https://github.com/SaswatPadhi/LoopInvGen,benchmarks/LIA/2018.NeurIPS_Code2Inv,benchmarks/LIA/2018.NeurIPS_Code2Inv/36_conf1.sl
36_conf5.sl,SaswatPadhi/LoopInvGen,https://github.com/SaswatPadhi/LoopInvGen,benchmarks/LIA/2018.NeurIPS_Code2Inv,benchmarks/LIA/2018.NeurIPS_Code2Inv/36_conf5.sl
37.c.sl,SaswatPadhi/LoopInvGen,https://github.com/SaswatPadhi/LoopInvGen,benchmarks/LIA/2018.NeurIPS_Code2Inv,benchmarks/LIA/2018.NeurIPS_Code2Inv/37.c.sl
37_conf1.sl,SaswatPadhi/LoopInvGen,https://github.com/SaswatPadhi/LoopInvGen,benchmarks/LIA/2018.NeurIPS_Code2Inv,benchmarks/LIA/2018.NeurIPS_Code2Inv/37_conf1.sl
37_conf5.sl,SaswatPadhi/LoopInvGen,https://github.com/SaswatPadhi/LoopInvGen,benchmarks/LIA/2018.NeurIPS_Code2Inv,benchmarks/LIA/2018.NeurIPS_Code2Inv/37_conf5.sl
38.c.sl,SaswatPadhi/LoopInvGen,https://github.com/SaswatPadhi/LoopInvGen,benchmarks/LIA/2018.NeurIPS_Code2Inv,benchmarks/LIA/2018.NeurIPS_Code2Inv/38.c.sl
38_conf1.sl,SaswatPadhi/LoopInvGen,https://github.com/SaswatPadhi/LoopInvGen,benchmarks/LIA/2018.NeurIPS_Code2Inv,benchmarks/LIA/2018.NeurIPS_Code2Inv/38_conf1.sl
38_conf5.sl,SaswatPadhi/LoopInvGen,https://github.com/SaswatPadhi/LoopInvGen,benchmarks/LIA/2018.NeurIPS_Code2Inv,benchmarks/LIA/2018.NeurIPS_Code2Inv/38_conf5.sl
39.c.sl,SaswatPadhi/LoopInvGen,https://github.com/SaswatPadhi/LoopInvGen,benchmarks/LIA/2018.NeurIPS_Code2Inv,benchmarks/LIA/2018.NeurIPS_Code2Inv/39.c.sl
39_conf1.sl,SaswatPadhi/LoopInvGen,https://github.com/SaswatPadhi/LoopInvGen,benchmarks/LIA/2018.NeurIPS_Code2Inv,benchmarks/LIA/2018.NeurIPS_Code2Inv/39_conf1.sl
39_conf5.sl,SaswatPadhi/LoopInvGen,https://github.com/SaswatPadhi/LoopInvGen,benchmarks/LIA/2018.NeurIPS_Code2Inv,benchmarks/LIA/2018.NeurIPS_Code2Inv/39_conf5.sl
3_conf1.sl,SaswatPadhi/LoopInvGen,https://github.com/SaswatPadhi/LoopInvGen,benchmarks/LIA/2018.NeurIPS_Code2Inv,benchmarks/LIA/2018.NeurIPS_Code2Inv/3_conf1.sl
3_conf5.sl,SaswatPadhi/LoopInvGen,https://github.com/SaswatPadhi/LoopInvGen,benchmarks/LIA/2018.NeurIPS_Code2Inv,benchmarks/LIA/2018.NeurIPS_Code2Inv/3_conf5.sl
4.c.sl,SaswatPadhi/LoopInvGen,https://github.com/SaswatPadhi/LoopInvGen,benchmarks/LIA/2018.NeurIPS_Code2Inv,benchmarks/LIA/2018.NeurIPS_Code2Inv/4.c.sl
40.c.sl,SaswatPadhi/LoopInvGen,https://github.com/SaswatPadhi/LoopInvGen,benchmarks/LIA/2018.NeurIPS_Code2Inv,benchmarks/LIA/2018.NeurIPS_Code2Inv/40.c.sl
40_conf1.sl,SaswatPadhi/LoopInvGen,https://github.com/SaswatPadhi/LoopInvGen,benchmarks/LIA/2018.NeurIPS_Code2Inv,benchmarks/LIA/2018.NeurIPS_Code2Inv/40_conf1.sl
40_conf5.sl,SaswatPadhi/LoopInvGen,https://github.com/SaswatPadhi/LoopInvGen,benchmarks/LIA/2018.NeurIPS_Code2Inv,benchmarks/LIA/2018.NeurIPS_Code2Inv/40_conf5.sl
41.c.sl,SaswatPadhi/LoopInvGen,https://github.com/SaswatPadhi/LoopInvGen,benchmarks/LIA/2018.NeurIPS_Code2Inv,benchmarks/LIA/2018.NeurIPS_Code2Inv/41.c.sl
41_conf1.sl,SaswatPadhi/LoopInvGen,https://github.com/SaswatPadhi/LoopInvGen,benchmarks/LIA/2018.NeurIPS_Code2Inv,benchmarks/LIA/2018.NeurIPS_Code2Inv/41_conf1.sl
41_conf5.sl,SaswatPadhi/LoopInvGen,https://github.com/SaswatPadhi/LoopInvGen,benchmarks/LIA/2018.NeurIPS_Code2Inv,benchmarks/LIA/2018.NeurIPS_Code2Inv/41_conf5.sl
42.c.sl,SaswatPadhi/LoopInvGen,https://github.com/SaswatPadhi/LoopInvGen,benchmarks/LIA/2018.NeurIPS_Code2Inv,benchmarks/LIA/2018.NeurIPS_Code2Inv/42.c.sl
42_conf1.sl,SaswatPadhi/LoopInvGen,https://github.com/SaswatPadhi/LoopInvGen,benchmarks/LIA/2018.NeurIPS_Code2Inv,benchmarks/LIA/2018.NeurIPS_Code2Inv/42_conf1.sl
42_conf5.sl,SaswatPadhi/LoopInvGen,https://github.com/SaswatPadhi/LoopInvGen,benchmarks/LIA/2018.NeurIPS_Code2Inv,benchmarks/LIA/2018.NeurIPS_Code2Inv/42_conf5.sl
43.c.sl,SaswatPadhi/LoopInvGen,https://github.com/SaswatPadhi/LoopInvGen,benchmarks/LIA/2018.NeurIPS_Code2Inv,benchmarks/LIA/2018.NeurIPS_Code2Inv/43.c.sl
43_conf1.sl,SaswatPadhi/LoopInvGen,https://github.com/SaswatPadhi/LoopInvGen,benchmarks/LIA/2018.NeurIPS_Code2Inv,benchmarks/LIA/2018.NeurIPS_Code2Inv/43_conf1.sl
43_conf5.sl,SaswatPadhi/LoopInvGen,https://github.com/SaswatPadhi/LoopInvGen,benchmarks/LIA/2018.NeurIPS_Code2Inv,benchmarks/LIA/2018.NeurIPS_Code2Inv/43_conf5.sl
44.c.sl,SaswatPadhi/LoopInvGen,https://github.com/SaswatPadhi/LoopInvGen,benchmarks/LIA/2018.NeurIPS_Code2Inv,benchmarks/LIA/2018.NeurIPS_Code2Inv/44.c.sl
44_conf1.sl,SaswatPadhi/LoopInvGen,https://github.com/SaswatPadhi/LoopInvGen,benchmarks/LIA/2018.NeurIPS_Code2Inv,benchmarks/LIA/2018.NeurIPS_Code2Inv/44_conf1.sl
44_conf5.sl,SaswatPadhi/LoopInvGen,https://github.com/SaswatPadhi/LoopInvGen,benchmarks/LIA/2018.NeurIPS_Code2Inv,benchmarks/LIA/2018.NeurIPS_Code2Inv/44_conf5.sl
45.c.sl,SaswatPadhi/LoopInvGen,https://github.com/SaswatPadhi/LoopInvGen,benchmarks/LIA/2018.NeurIPS_Code2Inv,benchmarks/LIA/2018.NeurIPS_Code2Inv/45.c.sl
45_conf1.sl,SaswatPadhi/LoopInvGen,https://github.com/SaswatPadhi/LoopInvGen,benchmarks/LIA/2018.NeurIPS_Code2Inv,benchmarks/LIA/2018.NeurIPS_Code2Inv/45_conf1.sl
45_conf5.sl,SaswatPadhi/LoopInvGen,https://github.com/SaswatPadhi/LoopInvGen,benchmarks/LIA/2018.NeurIPS_Code2Inv,benchmarks/LIA/2018.NeurIPS_Code2Inv/45_conf5.sl
46.c.sl,SaswatPadhi/LoopInvGen,https://github.com/SaswatPadhi/LoopInvGen,benchmarks/LIA/2018.NeurIPS_Code2Inv,benchmarks/LIA/2018.NeurIPS_Code2Inv/46.c.sl
46_conf1.sl,SaswatPadhi/LoopInvGen,https://github.com/SaswatPadhi/LoopInvGen,benchmarks/LIA/2018.NeurIPS_Code2Inv,benchmarks/LIA/2018.NeurIPS_Code2Inv/46_conf1.sl
46_conf5.sl,SaswatPadhi/LoopInvGen,https://github.com/SaswatPadhi/LoopInvGen,benchmarks/LIA/2018.NeurIPS_Code2Inv,benchmarks/LIA/2018.NeurIPS_Code2Inv/46_conf5.sl
47.c.sl,SaswatPadhi/LoopInvGen,https://github.com/SaswatPadhi/LoopInvGen,benchmarks/LIA/2018.NeurIPS_Code2Inv,benchmarks/LIA/2018.NeurIPS_Code2Inv/47.c.sl
47_conf1.sl,SaswatPadhi/LoopInvGen,https://github.com/SaswatPadhi/LoopInvGen,benchmarks/LIA/2018.NeurIPS_Code2Inv,benchmarks/LIA/2018.NeurIPS_Code2Inv/47_conf1.sl
47_conf5.sl,SaswatPadhi/LoopInvGen,https://github.com/SaswatPadhi/LoopInvGen,benchmarks/LIA/2018.NeurIPS_Code2Inv,benchmarks/LIA/2018.NeurIPS_Code2Inv/47_conf5.sl
48.c.sl,SaswatPadhi/LoopInvGen,https://github.com/SaswatPadhi/LoopInvGen,benchmarks/LIA/2018.NeurIPS_Code2Inv,benchmarks/LIA/2018.NeurIPS_Code2Inv/48.c.sl
48_conf1.sl,SaswatPadhi/LoopInvGen,https://github.com/SaswatPadhi/LoopInvGen,benchmarks/LIA/2018.NeurIPS_Code2Inv,benchmarks/LIA/2018.NeurIPS_Code2Inv/48_conf1.sl
48_conf5.sl,SaswatPadhi/LoopInvGen,https://github.com/SaswatPadhi/LoopInvGen,benchmarks/LIA/2018.NeurIPS_Code2Inv,benchmarks/LIA/2018.NeurIPS_Code2Inv/48_conf5.sl
49.c.sl,SaswatPadhi/LoopInvGen,https://github.com/SaswatPadhi/LoopInvGen,benchmarks/LIA/2018.NeurIPS_Code2Inv,benchmarks/LIA/2018.NeurIPS_Code2Inv/49.c.sl
49_conf1.sl,SaswatPadhi/LoopInvGen,https://github.com/SaswatPadhi/LoopInvGen,benchmarks/LIA/2018.NeurIPS_Code2Inv,benchmarks/LIA/2018.NeurIPS_Code2Inv/49_conf1.sl
49_conf5.sl,SaswatPadhi/LoopInvGen,https://github.com/SaswatPadhi/LoopInvGen,benchmarks/LIA/2018.NeurIPS_Code2Inv,benchmarks/LIA/2018.NeurIPS_Code2Inv/49_conf5.sl
4_conf1.sl,SaswatPadhi/LoopInvGen,https://github.com/SaswatPadhi/LoopInvGen,benchmarks/LIA/2018.NeurIPS_Code2Inv,benchmarks/LIA/2018.NeurIPS_Code2Inv/4_conf1.sl
4_conf5.sl,SaswatPadhi/LoopInvGen,https://github.com/SaswatPadhi/LoopInvGen,benchmarks/LIA/2018.NeurIPS_Code2Inv,benchmarks/LIA/2018.NeurIPS_Code2Inv/4_conf5.sl
5.c.sl,SaswatPadhi/LoopInvGen,https://github.com/SaswatPadhi/LoopInvGen,benchmarks/LIA/2018.NeurIPS_Code2Inv,benchmarks/LIA/2018.NeurIPS_Code2Inv/5.c.sl
50.c.sl,SaswatPadhi/LoopInvGen,https://github.com/SaswatPadhi/LoopInvGen,benchmarks/LIA/2018.NeurIPS_Code2Inv,benchmarks/LIA/2018.NeurIPS_Code2Inv/50.c.sl
50_conf1.sl,SaswatPadhi/LoopInvGen,https://github.com/SaswatPadhi/LoopInvGen,benchmarks/LIA/2018.NeurIPS_Code2Inv,benchmarks/LIA/2018.NeurIPS_Code2Inv/50_conf1.sl
50_conf5.sl,SaswatPadhi/LoopInvGen,https://github.com/SaswatPadhi/LoopInvGen,benchmarks/LIA/2018.NeurIPS_Code2Inv,benchmarks/LIA/2018.NeurIPS_Code2Inv/50_conf5.sl
51.c.sl,SaswatPadhi/LoopInvGen,https://github.com/SaswatPadhi/LoopInvGen,benchmarks/LIA/2018.NeurIPS_Code2Inv,benchmarks/LIA/2018.NeurIPS_Code2Inv/51.c.sl
51_conf1.sl,SaswatPadhi/LoopInvGen,https://github.com/SaswatPadhi/LoopInvGen,benchmarks/LIA/2018.NeurIPS_Code2Inv,benchmarks/LIA/2018.NeurIPS_Code2Inv/51_conf1.sl
51_conf5.sl,SaswatPadhi/LoopInvGen,https://github.com/SaswatPadhi/LoopInvGen,benchmarks/LIA/2018.NeurIPS_Code2Inv,benchmarks/LIA/2018.NeurIPS_Code2Inv/51_conf5.sl
52.c.sl,SaswatPadhi/LoopInvGen,https://github.com/SaswatPadhi/LoopInvGen,benchmarks/LIA/2018.NeurIPS_Code2Inv,benchmarks/LIA/2018.NeurIPS_Code2Inv/52.c.sl
52_conf1.sl,SaswatPadhi/LoopInvGen,https://github.com/SaswatPadhi/LoopInvGen,benchmarks/LIA/2018.NeurIPS_Code2Inv,benchmarks/LIA/2018.NeurIPS_Code2Inv/52_conf1.sl
52_conf5.sl,SaswatPadhi/LoopInvGen,https://github.com/SaswatPadhi/LoopInvGen,benchmarks/LIA/2018.NeurIPS_Code2Inv,benchmarks/LIA/2018.NeurIPS_Code2Inv/52_conf5.sl
56.c.sl,SaswatPadhi/LoopInvGen,https://github.com/SaswatPadhi/LoopInvGen,benchmarks/LIA/2018.NeurIPS_Code2Inv,benchmarks/LIA/2018.NeurIPS_Code2Inv/56.c.sl
56_conf1.sl,SaswatPadhi/LoopInvGen,https://github.com/SaswatPadhi/LoopInvGen,benchmarks/LIA/2018.NeurIPS_Code2Inv,benchmarks/LIA/2018.NeurIPS_Code2Inv/56_conf1.sl
56_conf5.sl,SaswatPadhi/LoopInvGen,https://github.com/SaswatPadhi/LoopInvGen,benchmarks/LIA/2018.NeurIPS_Code2Inv,benchmarks/LIA/2018.NeurIPS_Code2Inv/56_conf5.sl
57.c.sl,SaswatPadhi/LoopInvGen,https://github.com/SaswatPadhi/LoopInvGen,benchmarks/LIA/2018.NeurIPS_Code2Inv,benchmarks/LIA/2018.NeurIPS_Code2Inv/57.c.sl
57_conf1.sl,SaswatPadhi/LoopInvGen,https://github.com/SaswatPadhi/LoopInvGen,benchmarks/LIA/2018.NeurIPS_Code2Inv,benchmarks/LIA/2018.NeurIPS_Code2Inv/57_conf1.sl
57_conf5.sl,SaswatPadhi/LoopInvGen,https://github.com/SaswatPadhi/LoopInvGen,benchmarks/LIA/2018.NeurIPS_Code2Inv,benchmarks/LIA/2018.NeurIPS_Code2Inv/57_conf5.sl
5_conf1.sl,SaswatPadhi/LoopInvGen,https://github.com/SaswatPadhi/LoopInvGen,benchmarks/LIA/2018.NeurIPS_Code2Inv,benchmarks/LIA/2018.NeurIPS_Code2Inv/5_conf1.sl
5_conf5.sl,SaswatPadhi/LoopInvGen,https://github.com/SaswatPadhi/LoopInvGen,benchmarks/LIA/2018.NeurIPS_Code2Inv,benchmarks/LIA/2018.NeurIPS_Code2Inv/5_conf5.sl
61.c.sl,SaswatPadhi/LoopInvGen,https://github.com/SaswatPadhi/LoopInvGen,benchmarks/LIA/2018.NeurIPS_Code2Inv,benchmarks/LIA/2018.NeurIPS_Code2Inv/61.c.sl
61_conf1.sl,SaswatPadhi/LoopInvGen,https://github.com/SaswatPadhi/LoopInvGen,benchmarks/LIA/2018.NeurIPS_Code2Inv,benchmarks/LIA/2018.NeurIPS_Code2Inv/61_conf1.sl
61_conf5.sl,SaswatPadhi/LoopInvGen,https://github.com/SaswatPadhi/LoopInvGen,benchmarks/LIA/2018.NeurIPS_Code2Inv,benchmarks/LIA/2018.NeurIPS_Code2Inv/61_conf5.sl
62.c.sl,SaswatPadhi/LoopInvGen,https://github.com/SaswatPadhi/LoopInvGen,benchmarks/LIA/2018.NeurIPS_Code2Inv,benchmarks/LIA/2018.NeurIPS_Code2Inv/62.c.sl
62_conf1.sl,SaswatPadhi/LoopInvGen,https://github.com/SaswatPadhi/LoopInvGen,benchmarks/LIA/2018.NeurIPS_Code2Inv,benchmarks/LIA/2018.NeurIPS_Code2Inv/62_conf1.sl
62_conf5.sl,SaswatPadhi/LoopInvGen,https://github.com/SaswatPadhi/LoopInvGen,benchmarks/LIA/2018.NeurIPS_Code2Inv,benchmarks/LIA/2018.NeurIPS_Code2Inv/62_conf5.sl
63.c.sl,SaswatPadhi/LoopInvGen,https://github.com/SaswatPadhi/LoopInvGen,benchmarks/LIA/2018.NeurIPS_Code2Inv,benchmarks/LIA/2018.NeurIPS_Code2Inv/63.c.sl
63_conf1.sl,SaswatPadhi/LoopInvGen,https://github.com/SaswatPadhi/LoopInvGen,benchmarks/LIA/2018.NeurIPS_Code2Inv,benchmarks/LIA/2018.NeurIPS_Code2Inv/63_conf1.sl
63_conf5.sl,SaswatPadhi/LoopInvGen,https://github.com/SaswatPadhi/LoopInvGen,benchmarks/LIA/2018.NeurIPS_Code2Inv,benchmarks/LIA/2018.NeurIPS_Code2Inv/63_conf5.sl
64.c.sl,SaswatPadhi/LoopInvGen,https://github.com/SaswatPadhi/LoopInvGen,benchmarks/LIA/2018.NeurIPS_Code2Inv,benchmarks/LIA/2018.NeurIPS_Code2Inv/64.c.sl
64_conf1.sl,SaswatPadhi/LoopInvGen,https://github.com/SaswatPadhi/LoopInvGen,benchmarks/LIA/2018.NeurIPS_Code2Inv,benchmarks/LIA/2018.NeurIPS_Code2Inv/64_conf1.sl
64_conf5.sl,SaswatPadhi/LoopInvGen,https://github.com/SaswatPadhi/LoopInvGen,benchmarks/LIA/2018.NeurIPS_Code2Inv,benchmarks/LIA/2018.NeurIPS_Code2Inv/64_conf5.sl
65.c.sl,SaswatPadhi/LoopInvGen,https://github.com/SaswatPadhi/LoopInvGen,benchmarks/LIA/2018.NeurIPS_Code2Inv,benchmarks/LIA/2018.NeurIPS_Code2Inv/65.c.sl
65_conf1.sl,SaswatPadhi/LoopInvGen,https://github.com/SaswatPadhi/LoopInvGen,benchmarks/LIA/2018.NeurIPS_Code2Inv,benchmarks/LIA/2018.NeurIPS_Code2Inv/65_conf1.sl
65_conf5.sl,SaswatPadhi/LoopInvGen,https://github.com/SaswatPadhi/LoopInvGen,benchmarks/LIA/2018.NeurIPS_Code2Inv,benchmarks/LIA/2018.NeurIPS_Code2Inv/65_conf5.sl
66.c.sl,SaswatPadhi/LoopInvGen,https://github.com/SaswatPadhi/LoopInvGen,benchmarks/LIA/2018.NeurIPS_Code2Inv,benchmarks/LIA/2018.NeurIPS_Code2Inv/66.c.sl
66_conf1.sl,SaswatPadhi/LoopInvGen,https://github.com/SaswatPadhi/LoopInvGen,benchmarks/LIA/2018.NeurIPS_Code2Inv,benchmarks/LIA/2018.NeurIPS_Code2Inv/66_conf1.sl
66_conf5.sl,SaswatPadhi/LoopInvGen,https://github.com/SaswatPadhi/LoopInvGen,benchmarks/LIA/2018.NeurIPS_Code2Inv,benchmarks/LIA/2018.NeurIPS_Code2Inv/66_conf5.sl
67.c.sl,SaswatPadhi/LoopInvGen,https://github.com/SaswatPadhi/LoopInvGen,benchmarks/LIA/2018.NeurIPS_Code2Inv,benchmarks/LIA/2018.NeurIPS_Code2Inv/67.c.sl
67_conf1.sl,SaswatPadhi/LoopInvGen,https://github.com/SaswatPadhi/LoopInvGen,benchmarks/LIA/2018.NeurIPS_Code2Inv,benchmarks/LIA/2018.NeurIPS_Code2Inv/67_conf1.sl
67_conf5.sl,SaswatPadhi/LoopInvGen,https://github.com/SaswatPadhi/LoopInvGen,benchmarks/LIA/2018.NeurIPS_Code2Inv,benchmarks/LIA/2018.NeurIPS_Code2Inv/67_conf5.sl
68.c.sl,SaswatPadhi/LoopInvGen,https://github.com/SaswatPadhi/LoopInvGen,benchmarks/LIA/2018.NeurIPS_Code2Inv,benchmarks/LIA/2018.NeurIPS_Code2Inv/68.c.sl
68_conf1.sl,SaswatPadhi/LoopInvGen,https://github.com/SaswatPadhi/LoopInvGen,benchmarks/LIA/2018.NeurIPS_Code2Inv,benchmarks/LIA/2018.NeurIPS_Code2Inv/68_conf1.sl
68_conf5.sl,SaswatPadhi/LoopInvGen,https://github.com/SaswatPadhi/LoopInvGen,benchmarks/LIA/2018.NeurIPS_Code2Inv,benchmarks/LIA/2018.NeurIPS_Code2Inv/68_conf5.sl
70.c.sl,SaswatPadhi/LoopInvGen,https://github.com/SaswatPadhi/LoopInvGen,benchmarks/LIA/2018.NeurIPS_Code2Inv,benchmarks/LIA/2018.NeurIPS_Code2Inv/70.c.sl
70_conf1.sl,SaswatPadhi/LoopInvGen,https://github.com/SaswatPadhi/LoopInvGen,benchmarks/LIA/2018.NeurIPS_Code2Inv,benchmarks/LIA/2018.NeurIPS_Code2Inv/70_conf1.sl
70_conf5.sl,SaswatPadhi/LoopInvGen,https://github.com/SaswatPadhi/LoopInvGen,benchmarks/LIA/2018.NeurIPS_Code2Inv,benchmarks/LIA/2018.NeurIPS_Code2Inv/70_conf5.sl
71.c.sl,SaswatPadhi/LoopInvGen,https://github.com/SaswatPadhi/LoopInvGen,benchmarks/LIA/2018.NeurIPS_Code2Inv,benchmarks/LIA/2018.NeurIPS_Code2Inv/71.c.sl
71_conf1.sl,SaswatPadhi/LoopInvGen,https://github.com/SaswatPadhi/LoopInvGen,benchmarks/LIA/2018.NeurIPS_Code2Inv,benchmarks/LIA/2018.NeurIPS_Code2Inv/71_conf1.sl
71_conf5.sl,SaswatPadhi/LoopInvGen,https://github.com/SaswatPadhi/LoopInvGen,benchmarks/LIA/2018.NeurIPS_Code2Inv,benchmarks/LIA/2018.NeurIPS_Code2Inv/71_conf5.sl
72.c.sl,SaswatPadhi/LoopInvGen,https://github.com/SaswatPadhi/LoopInvGen,benchmarks/LIA/2018.NeurIPS_Code2Inv,benchmarks/LIA/2018.NeurIPS_Code2Inv/72.c.sl
72_conf1.sl,SaswatPadhi/LoopInvGen,https://github.com/SaswatPadhi/LoopInvGen,benchmarks/LIA/2018.NeurIPS_Code2Inv,benchmarks/LIA/2018.NeurIPS_Code2Inv/72_conf1.sl
72_conf5.sl,SaswatPadhi/LoopInvGen,https://github.com/SaswatPadhi/LoopInvGen,benchmarks/LIA/2018.NeurIPS_Code2Inv,benchmarks/LIA/2018.NeurIPS_Code2Inv/72_conf5.sl
73.c.sl,SaswatPadhi/LoopInvGen,https://github.com/SaswatPadhi/LoopInvGen,benchmarks/LIA/2018.NeurIPS_Code2Inv,benchmarks/LIA/2018.NeurIPS_Code2Inv/73.c.sl
73_conf1.sl,SaswatPadhi/LoopInvGen,https://github.com/SaswatPadhi/LoopInvGen,benchmarks/LIA/2018.NeurIPS_Code2Inv,benchmarks/LIA/2018.NeurIPS_Code2Inv/73_conf1.sl
73_conf5.sl,SaswatPadhi/LoopInvGen,https://github.com/SaswatPadhi/LoopInvGen,benchmarks/LIA/2018.NeurIPS_Code2Inv,benchmarks/LIA/2018.NeurIPS_Code2Inv/73_conf5.sl
77.c.sl,SaswatPadhi/LoopInvGen,https://github.com/SaswatPadhi/LoopInvGen,benchmarks/LIA/2018.NeurIPS_Code2Inv,benchmarks/LIA/2018.NeurIPS_Code2Inv/77.c.sl
77_conf1.sl,SaswatPadhi/LoopInvGen,https://github.com/SaswatPadhi/LoopInvGen,benchmarks/LIA/2018.NeurIPS_Code2Inv,benchmarks/LIA/2018.NeurIPS_Code2Inv/77_conf1.sl
77_conf5.sl,SaswatPadhi/LoopInvGen,https://github.com/SaswatPadhi/LoopInvGen,benchmarks/LIA/2018.NeurIPS_Code2Inv,benchmarks/LIA/2018.NeurIPS_Code2Inv/77_conf5.sl
78.c.sl,SaswatPadhi/LoopInvGen,https://github.com/SaswatPadhi/LoopInvGen,benchmarks/LIA/2018.NeurIPS_Code2Inv,benchmarks/LIA/2018.NeurIPS_Code2Inv/78.c.sl
78_conf1.sl,SaswatPadhi/LoopInvGen,https://github.com/SaswatPadhi/LoopInvGen,benchmarks/LIA/2018.NeurIPS_Code2Inv,benchmarks/LIA/2018.NeurIPS_Code2Inv/78_conf1.sl
78_conf5.sl,SaswatPadhi/LoopInvGen,https://github.com/SaswatPadhi/LoopInvGen,benchmarks/LIA/2018.NeurIPS_Code2Inv,benchmarks/LIA/2018.NeurIPS_Code2Inv/78_conf5.sl
79.c.sl,SaswatPadhi/LoopInvGen,https://github.com/SaswatPadhi/LoopInvGen,benchmarks/LIA/2018.NeurIPS_Code2Inv,benchmarks/LIA/2018.NeurIPS_Code2Inv/79.c.sl
79_conf1.sl,SaswatPadhi/LoopInvGen,https://github.com/SaswatPadhi/LoopInvGen,benchmarks/LIA/2018.NeurIPS_Code2Inv,benchmarks/LIA/2018.NeurIPS_Code2Inv/79_conf1.sl
79_conf5.sl,SaswatPadhi/LoopInvGen,https://github.com/SaswatPadhi/LoopInvGen,benchmarks/LIA/2018.NeurIPS_Code2Inv,benchmarks/LIA/2018.NeurIPS_Code2Inv/79_conf5.sl
83.c.sl,SaswatPadhi/LoopInvGen,https://github.com/SaswatPadhi/LoopInvGen,benchmarks/LIA/2018.NeurIPS_Code2Inv,benchmarks/LIA/2018.NeurIPS_Code2Inv/83.c.sl
83_conf1.sl,SaswatPadhi/LoopInvGen,https://github.com/SaswatPadhi/LoopInvGen,benchmarks/LIA/2018.NeurIPS_Code2Inv,benchmarks/LIA/2018.NeurIPS_Code2Inv/83_conf1.sl
83_conf5.sl,SaswatPadhi/LoopInvGen,https://github.com/SaswatPadhi/LoopInvGen,benchmarks/LIA/2018.NeurIPS_Code2Inv,benchmarks/LIA/2018.NeurIPS_Code2Inv/83_conf5.sl
84.c.sl,SaswatPadhi/LoopInvGen,https://github.com/SaswatPadhi/LoopInvGen,benchmarks/LIA/2018.NeurIPS_Code2Inv,benchmarks/LIA/2018.NeurIPS_Code2Inv/84.c.sl
84_conf1.sl,SaswatPadhi/LoopInvGen,https://github.com/SaswatPadhi/LoopInvGen,benchmarks/LIA/2018.NeurIPS_Code2Inv,benchmarks/LIA/2018.NeurIPS_Code2Inv/84_conf1.sl
84_conf5.sl,SaswatPadhi/LoopInvGen,https://github.com/SaswatPadhi/LoopInvGen,benchmarks/LIA/2018.NeurIPS_Code2Inv,benchmarks/LIA/2018.NeurIPS_Code2Inv/84_conf5.sl
85.c.sl,SaswatPadhi/LoopInvGen,https://github.com/SaswatPadhi/LoopInvGen,benchmarks/LIA/2018.NeurIPS_Code2Inv,benchmarks/LIA/2018.NeurIPS_Code2Inv/85.c.sl
85_conf1.sl,SaswatPadhi/LoopInvGen,https://github.com/SaswatPadhi/LoopInvGen,benchmarks/LIA/2018.NeurIPS_Code2Inv,benchmarks/LIA/2018.NeurIPS_Code2Inv/85_conf1.sl
85_conf5.sl,SaswatPadhi/LoopInvGen,https://github.com/SaswatPadhi/LoopInvGen,benchmarks/LIA/2018.NeurIPS_Code2Inv,benchmarks/LIA/2018.NeurIPS_Code2Inv/85_conf5.sl
87.c.sl,SaswatPadhi/LoopInvGen,https://github.com/SaswatPadhi/LoopInvGen,benchmarks/LIA/2018.NeurIPS_Code2Inv,benchmarks/LIA/2018.NeurIPS_Code2Inv/87.c.sl
87_conf1.sl,SaswatPadhi/LoopInvGen,https://github.com/SaswatPadhi/LoopInvGen,benchmarks/LIA/2018.NeurIPS_Code2Inv,benchmarks/LIA/2018.NeurIPS_Code2Inv/87_conf1.sl
87_conf5.sl,SaswatPadhi/LoopInvGen,https://github.com/SaswatPadhi/LoopInvGen,benchmarks/LIA/2018.NeurIPS_Code2Inv,benchmarks/LIA/2018.NeurIPS_Code2Inv/87_conf5.sl
88.c.sl,SaswatPadhi/LoopInvGen,https://github.com/SaswatPadhi/LoopInvGen,benchmarks/LIA/2018.NeurIPS_Code2Inv,benchmarks/LIA/2018.NeurIPS_Code2Inv/88.c.sl
88_conf1.sl,SaswatPadhi/LoopInvGen,https://github.com/SaswatPadhi/LoopInvGen,benchmarks/LIA/2018.NeurIPS_Code2Inv,benchmarks/LIA/2018.NeurIPS_Code2Inv/88_conf1.sl
88_conf5.sl,SaswatPadhi/LoopInvGen,https://github.com/SaswatPadhi/LoopInvGen,benchmarks/LIA/2018.NeurIPS_Code2Inv,benchmarks/LIA/2018.NeurIPS_Code2Inv/88_conf5.sl
91.c.sl,SaswatPadhi/LoopInvGen,https://github.com/SaswatPadhi/LoopInvGen,benchmarks/LIA/2018.NeurIPS_Code2Inv,benchmarks/LIA/2018.NeurIPS_Code2Inv/91.c.sl
91_conf1.sl,SaswatPadhi/LoopInvGen,https://github.com/SaswatPadhi/LoopInvGen,benchmarks/LIA/2018.NeurIPS_Code2Inv,benchmarks/LIA/2018.NeurIPS_Code2Inv/91_conf1.sl
91_conf5.sl,SaswatPadhi/LoopInvGen,https://github.com/SaswatPadhi/LoopInvGen,benchmarks/LIA/2018.NeurIPS_Code2Inv,benchmarks/LIA/2018.NeurIPS_Code2Inv/91_conf5.sl
93.c.sl,SaswatPadhi/LoopInvGen,https://github.com/SaswatPadhi/LoopInvGen,benchmarks/LIA/2018.NeurIPS_Code2Inv,benchmarks/LIA/2018.NeurIPS_Code2Inv/93.c.sl
93_conf1.sl,SaswatPadhi/LoopInvGen,https://github.com/SaswatPadhi/LoopInvGen,benchmarks/LIA/2018.NeurIPS_Code2Inv,benchmarks/LIA/2018.NeurIPS_Code2Inv/93_conf1.sl
93_conf5.sl,SaswatPadhi/LoopInvGen,https://github.com/SaswatPadhi/LoopInvGen,benchmarks/LIA/2018.NeurIPS_Code2Inv,benchmarks/LIA/2018.NeurIPS_Code2Inv/93_conf5.sl
94.c.sl,SaswatPadhi/LoopInvGen,https://github.com/SaswatPadhi/LoopInvGen,benchmarks/LIA/2018.NeurIPS_Code2Inv,benchmarks/LIA/2018.NeurIPS_Code2Inv/94.c.sl
94_conf1.sl,SaswatPadhi/LoopInvGen,https://github.com/SaswatPadhi/LoopInvGen,benchmarks/LIA/2018.NeurIPS_Code2Inv,benchmarks/LIA/2018.NeurIPS_Code2Inv/94_conf1.sl
94_conf5.sl,SaswatPadhi/LoopInvGen,https://github.com/SaswatPadhi/LoopInvGen,benchmarks/LIA/2018.NeurIPS_Code2Inv,benchmarks/LIA/2018.NeurIPS_Code2Inv/94_conf5.sl
95.c.sl,SaswatPadhi/LoopInvGen,https://github.com/SaswatPadhi/LoopInvGen,benchmarks/LIA/2018.NeurIPS_Code2Inv,benchmarks/LIA/2018.NeurIPS_Code2Inv/95.c.sl
95_conf1.sl,SaswatPadhi/LoopInvGen,https://github.com/SaswatPadhi/LoopInvGen,benchmarks/LIA/2018.NeurIPS_Code2Inv,benchmarks/LIA/2018.NeurIPS_Code2Inv/95_conf1.sl
95_conf5.sl,SaswatPadhi/LoopInvGen,https://github.com/SaswatPadhi/LoopInvGen,benchmarks/LIA/2018.NeurIPS_Code2Inv,benchmarks/LIA/2018.NeurIPS_Code2Inv/95_conf5.sl
96.c.sl,SaswatPadhi/LoopInvGen,https://github.com/SaswatPadhi/LoopInvGen,benchmarks/LIA/2018.NeurIPS_Code2Inv,benchmarks/LIA/2018.NeurIPS_Code2Inv/96.c.sl
96_conf1.sl,SaswatPadhi/LoopInvGen,https://github.com/SaswatPadhi/LoopInvGen,benchmarks/LIA/2018.NeurIPS_Code2Inv,benchmarks/LIA/2018.NeurIPS_Code2Inv/96_conf1.sl
96_conf5.sl,SaswatPadhi/LoopInvGen,https://github.com/SaswatPadhi/LoopInvGen,benchmarks/LIA/2018.NeurIPS_Code2Inv,benchmarks/LIA/2018.NeurIPS_Code2Inv/96_conf5.sl
97.c.sl,SaswatPadhi/LoopInvGen,https://github.com/SaswatPadhi/LoopInvGen,benchmarks/LIA/2018.NeurIPS_Code2Inv,benchmarks/LIA/2018.NeurIPS_Code2Inv/97.c.sl
97_conf1.sl,SaswatPadhi/LoopInvGen,https://github.com/SaswatPadhi/LoopInvGen,benchmarks/LIA/2018.NeurIPS_Code2Inv,benchmarks/LIA/2018.NeurIPS_Code2Inv/97_conf1.sl
97_conf5.sl,SaswatPadhi/LoopInvGen,https://github.com/SaswatPadhi/LoopInvGen,benchmarks/LIA/2018.NeurIPS_Code2Inv,benchmarks/LIA/2018.NeurIPS_Code2Inv/97_conf5.sl
98.c.sl,SaswatPadhi/LoopInvGen,https://github.com/SaswatPadhi/LoopInvGen,benchmarks/LIA/2018.NeurIPS_Code2Inv,benchmarks/LIA/2018.NeurIPS_Code2Inv/98.c.sl
98_conf1.sl,SaswatPadhi/LoopInvGen,https://github.com/SaswatPadhi/LoopInvGen,benchmarks/LIA/2018.NeurIPS_Code2Inv,benchmarks/LIA/2018.NeurIPS_Code2Inv/98_conf1.sl
98_conf5.sl,SaswatPadhi/LoopInvGen,https://github.com/SaswatPadhi/LoopInvGen,benchmarks/LIA/2018.NeurIPS_Code2Inv,benchmarks/LIA/2018.NeurIPS_Code2Inv/98_conf5.sl
99.c.sl,SaswatPadhi/LoopInvGen,https://github.com/SaswatPadhi/LoopInvGen,benchmarks/LIA/2018.NeurIPS_Code2Inv,benchmarks/LIA/2018.NeurIPS_Code2Inv/99.c.sl
99_conf1.sl,SaswatPadhi/LoopInvGen,https://github.com/SaswatPadhi/LoopInvGen,benchmarks/LIA/2018.NeurIPS_Code2Inv,benchmarks/LIA/2018.NeurIPS_Code2Inv/99_conf1.sl
99_conf5.sl,SaswatPadhi/LoopInvGen,https://github.com/SaswatPadhi/LoopInvGen,benchmarks/LIA/2018.NeurIPS_Code2Inv,benchmarks/LIA/2018.NeurIPS_Code2Inv/99_conf5.sl
_6counters_e3_140_e8_149.sl,SyGuS-Org/benchmarks,https://github.com/SyGuS-Org/benchmarks,comp/2019/Inv_Track/Lustre,comp/2019/Inv_Track/Lustre/_6counters_e3_140_e8_149.lus.sl
_6counters_e8_371_e1_448.sl,SyGuS-Org/benchmarks,https://github.com/SyGuS-Org/benchmarks,comp/2019/Inv_Track/Lustre,comp/2019/Inv_Track/Lustre/_6counters_e8_371_e1_448.lus.sl
_6counters_e8_371_e2_80.sl,SyGuS-Org/benchmarks,https://github.com/SyGuS-Org/benchmarks,comp/2019/Inv_Track/Lustre,comp/2019/Inv_Track/Lustre/_6counters_e8_371_e2_80.lus.sl
_6counters_e8_371_e3_224.sl,SyGuS-Org/benchmarks,https://github.com/SyGuS-Org/benchmarks,comp/2019/Inv_Track/Lustre,comp/2019/Inv_Track/Lustre/_6counters_e8_371_e3_224.lus.sl
add-array.sl,SaswatPadhi/LoopInvGen,https://github.com/SaswatPadhi/LoopInvGen,benchmarks/ALIA/others,benchmarks/ALIA/others/add-array.sl
add.sl,SaswatPadhi/LoopInvGen,https://github.com/SaswatPadhi/LoopInvGen,benchmarks/LIA/2013.OOPSLA_Hola,benchmarks/LIA/2013.OOPSLA_Hola/add.sl
anfp-new.sl,SaswatPadhi/LoopInvGen,https://github.com/SaswatPadhi/LoopInvGen,benchmarks/LIA/2016.SyGuS-Comp,benchmarks/LIA/2016.SyGuS-Comp/anfp-new.sl
anfp.sl,SaswatPadhi/LoopInvGen,https://github.com/SaswatPadhi/LoopInvGen,benchmarks/LIA/2016.SyGuS-Comp,benchmarks/LIA/2016.SyGuS-Comp/anfp.sl
array-copyall-bool.sl,SaswatPadhi/LoopInvGen,https://github.com/SaswatPadhi/LoopInvGen,benchmarks/ALIA/others,benchmarks/ALIA/others/array-copyall-bool.sl
array-copyall.sl,SaswatPadhi/LoopInvGen,https://github.com/SaswatPadhi/LoopInvGen,benchmarks/ALIA/others,benchmarks/ALIA/others/array-copyall.sl
array-copyodd.sl,SaswatPadhi/LoopInvGen,https://github.com/SaswatPadhi/LoopInvGen,benchmarks/ALIA/others,benchmarks/ALIA/others/array-copyodd.sl
array-copysome.sl,SaswatPadhi/LoopInvGen,https://github.com/SaswatPadhi/LoopInvGen,benchmarks/ALIA/others,benchmarks/ALIA/others/array-copysome.sl
array-new.sl,SaswatPadhi/LoopInvGen,https://github.com/SaswatPadhi/LoopInvGen,benchmarks/LIA/2016.SyGuS-Comp,benchmarks/LIA/2016.SyGuS-Comp/array-new.sl
array.sl,SaswatPadhi/LoopInvGen,https://github.com/SaswatPadhi/LoopInvGen,benchmarks/LIA/2016.SyGuS-Comp,benchmarks/LIA/2016.SyGuS-Comp/array.sl
array_doub_access_init_const.sl,SaswatPadhi/LoopInvGen,https://github.com/SaswatPadhi/LoopInvGen,benchmarks/ALIA/2019.SV-Comp/array-cav19,benchmarks/ALIA/2019.SV-Comp/array-cav19/array_doub_access_init_const.sl
array_init_both_ends_multiple_sum.sl,SaswatPadhi/LoopInvGen,https://github.com/SaswatPadhi/LoopInvGen,benchmarks/ALIA/2019.SV-Comp/array-cav19,benchmarks/ALIA/2019.SV-Comp/array-cav19/array_init_both_ends_multiple_sum.sl
array_init_nondet_vars.sl,SaswatPadhi/LoopInvGen,https://github.com/SaswatPadhi/LoopInvGen,benchmarks/ALIA/2019.SV-Comp/array-cav19,benchmarks/ALIA/2019.SV-Comp/array-cav19/array_init_nondet_vars.sl
array_init_pair_sum_const--simplified.sl,SaswatPadhi/LoopInvGen,https://github.com/SaswatPadhi/LoopInvGen,benchmarks/ALIA/2019.SV-Comp/array-cav19,benchmarks/ALIA/2019.SV-Comp/array-cav19/array_init_pair_sum_const--simplified.sl
array_init_pair_symmetr--simplified.sl,SaswatPadhi/LoopInvGen,https://github.com/SaswatPadhi/LoopInvGen,benchmarks/ALIA/2019.SV-Comp/array-cav19,benchmarks/ALIA/2019.SV-Comp/array-cav19/array_init_pair_symmetr--simplified.sl
array_init_pair_symmetr2.sl,SaswatPadhi/LoopInvGen,https://github.com/SaswatPadhi/LoopInvGen,benchmarks/ALIA/2019.SV-Comp/array-cav19,benchmarks/ALIA/2019.SV-Comp/array-cav19/array_init_pair_symmetr2.sl
array_init_var_plus_ind.sl,SaswatPadhi/LoopInvGen,https://github.com/SaswatPadhi/LoopInvGen,benchmarks/ALIA/2019.SV-Comp/array-cav19,benchmarks/ALIA/2019.SV-Comp/array-cav19/array_init_var_plus_ind.sl
array_init_var_plus_ind2.sl,SaswatPadhi/LoopInvGen,https://github.com/SaswatPadhi/LoopInvGen,benchmarks/ALIA/2019.SV-Comp/array-cav19,benchmarks/ALIA/2019.SV-Comp/array-cav19/array_init_var_plus_ind2.sl
array_init_var_plus_ind3.sl,SaswatPadhi/LoopInvGen,https://github.com/SaswatPadhi/LoopInvGen,benchmarks/ALIA/2019.SV-Comp/array-cav19,benchmarks/ALIA/2019.SV-Comp/array-cav19/array_init_var_plus_ind3.sl
array_simp.sl,SaswatPadhi/LoopInvGen,https://github.com/SaswatPadhi/LoopInvGen,benchmarks/LIA/2016.SyGuS-Comp,benchmarks/LIA/2016.SyGuS-Comp/array_simp.sl
array_tiling_poly6.sl,SaswatPadhi/LoopInvGen,https://github.com/SaswatPadhi/LoopInvGen,benchmarks/ALIA/2019.SV-Comp/array-cav19,benchmarks/ALIA/2019.SV-Comp/array-cav19/array_tiling_poly6.sl
array_tiling_tcpy.sl,SaswatPadhi/LoopInvGen,https://github.com/SaswatPadhi/LoopInvGen,benchmarks/ALIA/2019.SV-Comp/array-cav19,benchmarks/ALIA/2019.SV-Comp/array-cav19/array_tiling_tcpy.sl
array_tripl_access_init_const.sl,SaswatPadhi/LoopInvGen,https://github.com/SaswatPadhi/LoopInvGen,benchmarks/ALIA/2019.SV-Comp/array-cav19,benchmarks/ALIA/2019.SV-Comp/array-cav19/array_tripl_access_init_const.sl
array_vars.sl,SaswatPadhi/LoopInvGen,https://github.com/SaswatPadhi/LoopInvGen,benchmarks/LIA/2016.SyGuS-Comp,benchmarks/LIA/2016.SyGuS-Comp/array_vars.sl
bhmr2007_true-unreach-call_true-termination.sl,SaswatPadhi/LoopInvGen,https://github.com/SaswatPadhi/LoopInvGen,benchmarks/LIA/2018.SV-Comp,benchmarks/LIA/2018.SV-Comp/bhmr2007_true-unreach-call_true-termination.sl
bk-nat.sl,SaswatPadhi/LoopInvGen,https://github.com/SaswatPadhi/LoopInvGen,benchmarks/LIA/2015.FMCAD_Acceleration,benchmarks/LIA/2015.FMCAD_Acceleration/bk-nat.sl
bkley.sl,SaswatPadhi/LoopInvGen,https://github.com/SaswatPadhi/LoopInvGen,benchmarks/LIA/2015.FMCAD_Acceleration,benchmarks/LIA/2015.FMCAD_Acceleration/bkley.sl
brett.sl,SaswatPadhi/LoopInvGen,https://github.com/SaswatPadhi/LoopInvGen,benchmarks/LIA/others,benchmarks/LIA/others/brett.sl
car_1.sl,SaswatPadhi/LoopInvGen,https://github.com/SaswatPadhi/LoopInvGen,benchmarks/LIA/Lustre,benchmarks/LIA/Lustre/car_1.sl
car_1_e7_184_e3_299.sl,SaswatPadhi/LoopInvGen,https://github.com/SaswatPadhi/LoopInvGen,benchmarks/LIA/Lustre,benchmarks/LIA/Lustre/car_1_e7_184_e3_299.sl
car_2.sl,SaswatPadhi/LoopInvGen,https://github.com/SaswatPadhi/LoopInvGen,benchmarks/LIA/Lustre,benchmarks/LIA/Lustre/car_2.sl
car_2_e7_1027_e1_1047.sl,SaswatPadhi/LoopInvGen,https://github.com/SaswatPadhi/LoopInvGen,benchmarks/LIA/Lustre,benchmarks/LIA/Lustre/car_2_e7_1027_e1_1047.sl
car_2_e7_1027_e7_359.sl,SaswatPadhi/LoopInvGen,https://github.com/SaswatPadhi/LoopInvGen,benchmarks/LIA/Lustre,benchmarks/LIA/Lustre/car_2_e7_1027_e7_359.sl
car_2_e8_491_e7_826.sl,SaswatPadhi/LoopInvGen,https://github.com/SaswatPadhi/LoopInvGen,benchmarks/LIA/Lustre,benchmarks/LIA/Lustre/car_2_e8_491_e7_826.sl
car_3.sl,SaswatPadhi/LoopInvGen,https://github.com/SaswatPadhi/LoopInvGen,benchmarks/LIA/Lustre,benchmarks/LIA/Lustre/car_3.sl
car_3_e2_695.sl,SaswatPadhi/LoopInvGen,https://github.com/SaswatPadhi/LoopInvGen,benchmarks/LIA/Lustre,benchmarks/LIA/Lustre/car_3_e2_695.sl
car_3_e2_777.sl,SaswatPadhi/LoopInvGen,https://github.com/SaswatPadhi/LoopInvGen,benchmarks/LIA/Lustre,benchmarks/LIA/Lustre/car_3_e2_777.sl
car_3_e7_626.sl,SaswatPadhi/LoopInvGen,https://github.com/SaswatPadhi/LoopInvGen,benchmarks/LIA/Lustre,benchmarks/LIA/Lustre/car_3_e7_626.sl
car_3_e8_33.sl,SaswatPadhi/LoopInvGen,https://github.com/SaswatPadhi/LoopInvGen,benchmarks/LIA/Lustre,benchmarks/LIA/Lustre/car_3_e8_33.sl
car_3_e8_33_e2_1010.sl,SaswatPadhi/LoopInvGen,https://github.com/SaswatPadhi/LoopInvGen,benchmarks/LIA/Lustre,benchmarks/LIA/Lustre/car_3_e8_33_e2_1010.sl
car_3_e8_33_e7_220.sl,SaswatPadhi/LoopInvGen,https://github.com/SaswatPadhi/LoopInvGen,benchmarks/LIA/Lustre,benchmarks/LIA/Lustre/car_3_e8_33_e7_220.sl
car_4.sl,SaswatPadhi/LoopInvGen,https://github.com/SaswatPadhi/LoopInvGen,benchmarks/LIA/Lustre,benchmarks/LIA/Lustre/car_4.sl
car_4_e3_57_e4_1047.sl,SaswatPadhi/LoopInvGen,https://github.com/SaswatPadhi/LoopInvGen,benchmarks/LIA/Lustre,benchmarks/LIA/Lustre/car_4_e3_57_e4_1047.sl
car_4_e3_57_e6_784.sl,SaswatPadhi/LoopInvGen,https://github.com/SaswatPadhi/LoopInvGen,benchmarks/LIA/Lustre,benchmarks/LIA/Lustre/car_4_e3_57_e6_784.sl
car_4_e7_592.sl,SaswatPadhi/LoopInvGen,https://github.com/SaswatPadhi/LoopInvGen,benchmarks/LIA/Lustre,benchmarks/LIA/Lustre/car_4_e7_592.sl
car_4_e7_592_e7_265.sl,SaswatPadhi/LoopInvGen,https://github.com/SaswatPadhi/LoopInvGen,benchmarks/LIA/Lustre,benchmarks/LIA/Lustre/car_4_e7_592_e7_265.sl
car_4_e8_118.sl,SaswatPadhi/LoopInvGen,https://github.com/SaswatPadhi/LoopInvGen,benchmarks/LIA/Lustre,benchmarks/LIA/Lustre/car_4_e8_118.sl
car_4_e8_118_e7_178.sl,SaswatPadhi/LoopInvGen,https://github.com/SaswatPadhi/LoopInvGen,benchmarks/LIA/Lustre,benchmarks/LIA/Lustre/car_4_e8_118_e7_178.sl
car_5.sl,SaswatPadhi/LoopInvGen,https://github.com/SaswatPadhi/LoopInvGen,benchmarks/LIA/Lustre,benchmarks/LIA/Lustre/car_5.sl
car_5_e7_244.sl,SaswatPadhi/LoopInvGen,https://github.com/SaswatPadhi/LoopInvGen,benchmarks/LIA/Lustre,benchmarks/LIA/Lustre/car_5_e7_244.sl
car_5_e7_244_e1_823.sl,SaswatPadhi/LoopInvGen,https://github.com/SaswatPadhi/LoopInvGen,benchmarks/LIA/Lustre,benchmarks/LIA/Lustre/car_5_e7_244_e1_823.sl
car_6.sl,SaswatPadhi/LoopInvGen,https://github.com/SaswatPadhi/LoopInvGen,benchmarks/LIA/Lustre,benchmarks/LIA/Lustre/car_6.sl
car_6_e1_152.sl,SaswatPadhi/LoopInvGen,https://github.com/SaswatPadhi/LoopInvGen,benchmarks/LIA/Lustre,benchmarks/LIA/Lustre/car_6_e1_152.sl
car_6_e1_152_e1_391.sl,SaswatPadhi/LoopInvGen,https://github.com/SaswatPadhi/LoopInvGen,benchmarks/LIA/Lustre,benchmarks/LIA/Lustre/car_6_e1_152_e1_391.sl
car_all.sl,SaswatPadhi/LoopInvGen,https://github.com/SaswatPadhi/LoopInvGen,benchmarks/LIA/Lustre,benchmarks/LIA/Lustre/car_all.sl
car_all_e2_142.sl,SaswatPadhi/LoopInvGen,https://github.com/SaswatPadhi/LoopInvGen,benchmarks/LIA/Lustre,benchmarks/LIA/Lustre/car_all_e2_142.sl
car_all_e2_142_e7_209.sl,SaswatPadhi/LoopInvGen,https://github.com/SaswatPadhi/LoopInvGen,benchmarks/LIA/Lustre,benchmarks/LIA/Lustre/car_all_e2_142_e7_209.sl
car_all_e3_1068_e4_275.sl,SaswatPadhi/LoopInvGen,https://github.com/SaswatPadhi/LoopInvGen,benchmarks/LIA/Lustre,benchmarks/LIA/Lustre/car_all_e3_1068_e4_275.sl
car_all_e7_188_e7_743.sl,SaswatPadhi/LoopInvGen,https://github.com/SaswatPadhi/LoopInvGen,benchmarks/LIA/Lustre,benchmarks/LIA/Lustre/car_all_e7_188_e7_743.sl
car_all_e8_856.sl,SaswatPadhi/LoopInvGen,https://github.com/SaswatPadhi/LoopInvGen,benchmarks/LIA/Lustre,benchmarks/LIA/Lustre/car_all_e8_856.sl
car_all_e8_856_e2_585.sl,SaswatPadhi/LoopInvGen,https://github.com/SaswatPadhi/LoopInvGen,benchmarks/LIA/Lustre,benchmarks/LIA/Lustre/car_all_e8_856_e2_585.sl
car_all_e8_856_e7_578.sl,SaswatPadhi/LoopInvGen,https://github.com/SaswatPadhi/LoopInvGen,benchmarks/LIA/Lustre,benchmarks/LIA/Lustre/car_all_e8_856_e7_578.sl
cars.sl,SaswatPadhi/LoopInvGen,https://github.com/SaswatPadhi/LoopInvGen,benchmarks/LIA/2015.FMCAD_Acceleration,benchmarks/LIA/2015.FMCAD_Acceleration/cars.sl
ccp16.sl,SaswatPadhi/LoopInvGen,https://github.com/SaswatPadhi/LoopInvGen,benchmarks/LIA/Lustre,benchmarks/LIA/Lustre/ccp16.sl
cd.sl,SaswatPadhi/LoopInvGen,https://github.com/SaswatPadhi/LoopInvGen,benchmarks/LIA/Lustre,benchmarks/LIA/Lustre/cd.sl
cegar1-new.sl,SaswatPadhi/LoopInvGen,https://github.com/SaswatPadhi/LoopInvGen,benchmarks/LIA/2016.SyGuS-Comp,benchmarks/LIA/2016.SyGuS-Comp/cegar1-new.sl
cegar1.sl,SaswatPadhi/LoopInvGen,https://github.com/SaswatPadhi/LoopInvGen,benchmarks/LIA/2016.SyGuS-Comp,benchmarks/LIA/2016.SyGuS-Comp/cegar1.sl
cegar1_vars-new.sl,SaswatPadhi/LoopInvGen,https://github.com/SaswatPadhi/LoopInvGen,benchmarks/LIA/2016.SyGuS-Comp,benchmarks/LIA/2016.SyGuS-Comp/cegar1_vars-new.sl
cegar1_vars.sl,SaswatPadhi/LoopInvGen,https://github.com/SaswatPadhi/LoopInvGen,benchmarks/LIA/2016.SyGuS-Comp,benchmarks/LIA/2016.SyGuS-Comp/cegar1_vars.sl
cegar2-new.sl,SaswatPadhi/LoopInvGen,https://github.com/SaswatPadhi/LoopInvGen,benchmarks/LIA/2016.SyGuS-Comp,benchmarks/LIA/2016.SyGuS-Comp/cegar2-new.sl
cegar2.sl,SaswatPadhi/LoopInvGen,https://github.com/SaswatPadhi/LoopInvGen,benchmarks/LIA/2016.SyGuS-Comp,benchmarks/LIA/2016.SyGuS-Comp/cegar2.sl
cegar2_vars-new.sl,SaswatPadhi/LoopInvGen,https://github.com/SaswatPadhi/LoopInvGen,benchmarks/LIA/2016.SyGuS-Comp,benchmarks/LIA/2016.SyGuS-Comp/cegar2_vars-new.sl
cegar2_vars.sl,SaswatPadhi/LoopInvGen,https://github.com/SaswatPadhi/LoopInvGen,benchmarks/LIA/2016.SyGuS-Comp,benchmarks/LIA/2016.SyGuS-Comp/cegar2_vars.sl
cggmp-new.sl,SaswatPadhi/LoopInvGen,https://github.com/SaswatPadhi/LoopInvGen,benchmarks/LIA/2016.SyGuS-Comp,benchmarks/LIA/2016.SyGuS-Comp/cggmp-new.sl
cggmp.sl,SaswatPadhi/LoopInvGen,https://github.com/SaswatPadhi/LoopInvGen,benchmarks/LIA/2016.SyGuS-Comp,benchmarks/LIA/2016.SyGuS-Comp/cggmp.sl
cggmp2005_true-unreach-call_true-termination.sl,SaswatPadhi/LoopInvGen,https://github.com/SaswatPadhi/LoopInvGen,benchmarks/LIA/2018.SV-Comp,benchmarks/LIA/2018.SV-Comp/cggmp2005_true-unreach-call_true-termination.sl
cggmp2005_variant_true-unreach-call_true-termination.sl,SaswatPadhi/LoopInvGen,https://github.com/SaswatPadhi/LoopInvGen,benchmarks/LIA/2018.SV-Comp,benchmarks/LIA/2018.SV-Comp/cggmp2005_variant_true-unreach-call_true-termination.sl
const_false-unreach-call1.sl,SaswatPadhi/LoopInvGen,https://github.com/SaswatPadhi/LoopInvGen,benchmarks/LIA/2018.SV-Comp,benchmarks/LIA/2018.SV-Comp/const_false-unreach-call1.sl
const_true-unreach-call1.sl,SaswatPadhi/LoopInvGen,https://github.com/SaswatPadhi/LoopInvGen,benchmarks/LIA/2018.SV-Comp,benchmarks/LIA/2018.SV-Comp/const_true-unreach-call1.sl
count_by_1_true-unreach-call_true-termination.sl,SaswatPadhi/LoopInvGen,https://github.com/SaswatPadhi/LoopInvGen,benchmarks/LIA/2018.SV-Comp,benchmarks/LIA/2018.SV-Comp/count_by_1_true-unreach-call_true-termination.sl
count_by_1_variant_true-unreach-call_true-termination.sl,SaswatPadhi/LoopInvGen,https://github.com/SaswatPadhi/LoopInvGen,benchmarks/LIA/2018.SV-Comp,benchmarks/LIA/2018.SV-Comp/count_by_1_variant_true-unreach-call_true-termination.sl
count_by_2_true-unreach-call_true-termination.sl,SaswatPadhi/LoopInvGen,https://github.com/SaswatPadhi/LoopInvGen,benchmarks/LIA/2018.SV-Comp,benchmarks/LIA/2018.SV-Comp/count_by_2_true-unreach-call_true-termination.sl
count_by_k_true-unreach-call_true-termination.sl,SaswatPadhi/LoopInvGen,https://github.com/SaswatPadhi/LoopInvGen,benchmarks/LIA/2018.SV-Comp,benchmarks/LIA/2018.SV-Comp/count_by_k_true-unreach-call_true-termination.sl
count_by_nondet_true-unreach-call_true-termination.sl,SaswatPadhi/LoopInvGen,https://github.com/SaswatPadhi/LoopInvGen,benchmarks/LIA/2018.SV-Comp,benchmarks/LIA/2018.SV-Comp/count_by_nondet_true-unreach-call_true-termination.sl
count_up_down_false-unreach-call_true-termination.sl,SaswatPadhi/LoopInvGen,https://github.com/SaswatPadhi/LoopInvGen,benchmarks/LIA/2018.SV-Comp,benchmarks/LIA/2018.SV-Comp/count_up_down_false-unreach-call_true-termination.sl
countud.sl,SaswatPadhi/LoopInvGen,https://github.com/SaswatPadhi/LoopInvGen,benchmarks/LIA/2013.OOPSLA_Hola,benchmarks/LIA/2013.OOPSLA_Hola/countud.sl
css2003_true-unreach-call_true-termination.sl,SaswatPadhi/LoopInvGen,https://github.com/SaswatPadhi/LoopInvGen,benchmarks/LIA/2018.SV-Comp,benchmarks/LIA/2018.SV-Comp/css2003_true-unreach-call_true-termination.sl
cube2.desugared.sl,SaswatPadhi/LoopInvGen,https://github.com/SaswatPadhi/LoopInvGen,benchmarks/NIA/2018.CHI_InvGame,benchmarks/NIA/2018.CHI_InvGame/cube2.desugared.sl
dec-new.sl,SaswatPadhi/LoopInvGen,https://github.com/SaswatPadhi/LoopInvGen,benchmarks/LIA/2016.SyGuS-Comp,benchmarks/LIA/2016.SyGuS-Comp/dec-new.sl
dec.sl,SaswatPadhi/LoopInvGen,https://github.com/SaswatPadhi/LoopInvGen,benchmarks/LIA/2016.SyGuS-Comp,benchmarks/LIA/2016.SyGuS-Comp/dec.sl
dec_simpl-new.sl,SaswatPadhi/LoopInvGen,https://github.com/SaswatPadhi/LoopInvGen,benchmarks/LIA/2016.SyGuS-Comp,benchmarks/LIA/2016.SyGuS-Comp/dec_simpl-new.sl
dec_simpl.sl,SaswatPadhi/LoopInvGen,https://github.com/SaswatPadhi/LoopInvGen,benchmarks/LIA/2016.SyGuS-Comp,benchmarks/LIA/2016.SyGuS-Comp/dec_simpl.sl
dec_vars-new.sl,SaswatPadhi/LoopInvGen,https://github.com/SaswatPadhi/LoopInvGen,benchmarks/LIA/2016.SyGuS-Comp,benchmarks/LIA/2016.SyGuS-Comp/dec_vars-new.sl
dec_vars.sl,SaswatPadhi/LoopInvGen,https://github.com/SaswatPadhi/LoopInvGen,benchmarks/LIA/2016.SyGuS-Comp,benchmarks/LIA/2016.SyGuS-Comp/dec_vars.sl
div.sl,SaswatPadhi/LoopInvGen,https://github.com/SaswatPadhi/LoopInvGen,benchmarks/NIA/other,benchmarks/NIA/other/div.sl
down_true-unreach-call_true-termination.sl,SaswatPadhi/LoopInvGen,https://github.com/SaswatPadhi/LoopInvGen,benchmarks/LIA/2018.SV-Comp,benchmarks/LIA/2018.SV-Comp/down_true-unreach-call_true-termination.sl
dragon_1.sl,SaswatPadhi/LoopInvGen,https://github.com/SaswatPadhi/LoopInvGen,benchmarks/LIA/Lustre,benchmarks/LIA/Lustre/DRAGON_1.sl
dragon_10.sl,SaswatPadhi/LoopInvGen,https://github.com/SaswatPadhi/LoopInvGen,benchmarks/LIA/Lustre,benchmarks/LIA/Lustre/DRAGON_10.sl
dragon_10_e1_3587_e3_2749.sl,SaswatPadhi/LoopInvGen,https://github.com/SaswatPadhi/LoopInvGen,benchmarks/LIA/Lustre,benchmarks/LIA/Lustre/DRAGON_10_e1_3587_e3_2749.sl
dragon_10_e1_998.sl,SaswatPadhi/LoopInvGen,https://github.com/SaswatPadhi/LoopInvGen,benchmarks/LIA/Lustre,benchmarks/LIA/Lustre/DRAGON_10_e1_998.sl
dragon_10_e2_2785_e3_1744.sl,SaswatPadhi/LoopInvGen,https://github.com/SaswatPadhi/LoopInvGen,benchmarks/LIA/Lustre,benchmarks/LIA/Lustre/DRAGON_10_e2_2785_e3_1744.sl
dragon_10_e2_402.sl,SaswatPadhi/LoopInvGen,https://github.com/SaswatPadhi/LoopInvGen,benchmarks/LIA/Lustre,benchmarks/LIA/Lustre/DRAGON_10_e2_402.sl
dragon_10_e3_144_e5_2046.sl,SaswatPadhi/LoopInvGen,https://github.com/SaswatPadhi/LoopInvGen,benchmarks/LIA/Lustre,benchmarks/LIA/Lustre/DRAGON_10_e3_144_e5_2046.sl
dragon_10_e3_3429.sl,SaswatPadhi/LoopInvGen,https://github.com/SaswatPadhi/LoopInvGen,benchmarks/LIA/Lustre,benchmarks/LIA/Lustre/DRAGON_10_e3_3429.sl
dragon_12.sl,SaswatPadhi/LoopInvGen,https://github.com/SaswatPadhi/LoopInvGen,benchmarks/LIA/Lustre,benchmarks/LIA/Lustre/DRAGON_12.sl
dragon_12_e2_1618.sl,SaswatPadhi/LoopInvGen,https://github.com/SaswatPadhi/LoopInvGen,benchmarks/LIA/Lustre,benchmarks/LIA/Lustre/DRAGON_12_e2_1618.sl
dragon_12_e2_1618_e1_6030.sl,SaswatPadhi/LoopInvGen,https://github.com/SaswatPadhi/LoopInvGen,benchmarks/LIA/Lustre,benchmarks/LIA/Lustre/DRAGON_12_e2_1618_e1_6030.sl
dragon_12_e2_1618_e2_138.sl,SaswatPadhi/LoopInvGen,https://github.com/SaswatPadhi/LoopInvGen,benchmarks/LIA/Lustre,benchmarks/LIA/Lustre/DRAGON_12_e2_1618_e2_138.sl
dragon_12_e2_1618_e3_2012.sl,SaswatPadhi/LoopInvGen,https://github.com/SaswatPadhi/LoopInvGen,benchmarks/LIA/Lustre,benchmarks/LIA/Lustre/DRAGON_12_e2_1618_e3_2012.sl
dragon_13.sl,SaswatPadhi/LoopInvGen,https://github.com/SaswatPadhi/LoopInvGen,benchmarks/LIA/Lustre,benchmarks/LIA/Lustre/DRAGON_13.sl
dragon_13_e3_1418_e3_2761.sl,SaswatPadhi/LoopInvGen,https://github.com/SaswatPadhi/LoopInvGen,benchmarks/LIA/Lustre,benchmarks/LIA/Lustre/DRAGON_13_e3_1418_e3_2761.sl
dragon_1_e1_14612_e1_268_e7_501.sl,SaswatPadhi/LoopInvGen,https://github.com/SaswatPadhi/LoopInvGen,benchmarks/LIA/Lustre,benchmarks/LIA/Lustre/DRAGON_1_e1_14612_e1_268_e7_501.sl
dragon_1_e1_14612_e2_2653_e7_4370.sl,SaswatPadhi/LoopInvGen,https://github.com/SaswatPadhi/LoopInvGen,benchmarks/LIA/Lustre,benchmarks/LIA/Lustre/DRAGON_1_e1_14612_e2_2653_e7_4370.sl
dragon_1_e1_3184_e7_1888.sl,SaswatPadhi/LoopInvGen,https://github.com/SaswatPadhi/LoopInvGen,benchmarks/LIA/Lustre,benchmarks/LIA/Lustre/DRAGON_1_e1_3184_e7_1888.sl
dragon_1_e1_5070.sl,SaswatPadhi/LoopInvGen,https://github.com/SaswatPadhi/LoopInvGen,benchmarks/LIA/Lustre,benchmarks/LIA/Lustre/DRAGON_1_e1_5070.sl
dragon_1_e2_1997.sl,SaswatPadhi/LoopInvGen,https://github.com/SaswatPadhi/LoopInvGen,benchmarks/LIA/Lustre,benchmarks/LIA/Lustre/DRAGON_1_e2_1997.sl
dragon_1_e2_1997_e7_3613_e2_3409.sl,SaswatPadhi/LoopInvGen,https://github.com/SaswatPadhi/LoopInvGen,benchmarks/LIA/Lustre,benchmarks/LIA/Lustre/DRAGON_1_e2_1997_e7_3613_e2_3409.sl
dragon_1_e3_11891_e7_4569_e4_4881.sl,SaswatPadhi/LoopInvGen,https://github.com/SaswatPadhi/LoopInvGen,benchmarks/LIA/Lustre,benchmarks/LIA/Lustre/DRAGON_1_e3_11891_e7_4569_e4_4881.sl
dragon_2.sl,SaswatPadhi/LoopInvGen,https://github.com/SaswatPadhi/LoopInvGen,benchmarks/LIA/Lustre,benchmarks/LIA/Lustre/DRAGON_2.sl
dragon_2_e1_2316.sl,SaswatPadhi/LoopInvGen,https://github.com/SaswatPadhi/LoopInvGen,benchmarks/LIA/Lustre,benchmarks/LIA/Lustre/DRAGON_2_e1_2316.sl
dragon_2_e2_3183_e1_2644.sl,SaswatPadhi/LoopInvGen,https://github.com/SaswatPadhi/LoopInvGen,benchmarks/LIA/Lustre,benchmarks/LIA/Lustre/DRAGON_2_e2_3183_e1_2644.sl
dragon_2_e2_3183_e2_3580.sl,SaswatPadhi/LoopInvGen,https://github.com/SaswatPadhi/LoopInvGen,benchmarks/LIA/Lustre,benchmarks/LIA/Lustre/DRAGON_2_e2_3183_e2_3580.sl
dragon_2_e2_3183_e3_5972.sl,SaswatPadhi/LoopInvGen,https://github.com/SaswatPadhi/LoopInvGen,benchmarks/LIA/Lustre,benchmarks/LIA/Lustre/DRAGON_2_e2_3183_e3_5972.sl
dragon_2_e2_4481.sl,SaswatPadhi/LoopInvGen,https://github.com/SaswatPadhi/LoopInvGen,benchmarks/LIA/Lustre,benchmarks/LIA/Lustre/DRAGON_2_e2_4481.sl
dragon_2_e7_25_e8_3171.sl,SaswatPadhi/LoopInvGen,https://github.com/SaswatPadhi/LoopInvGen,benchmarks/LIA/Lustre,benchmarks/LIA/Lustre/DRAGON_2_e7_25_e8_3171.sl
dragon_3.sl,SaswatPadhi/LoopInvGen,https://github.com/SaswatPadhi/LoopInvGen,benchmarks/LIA/Lustre,benchmarks/LIA/Lustre/DRAGON_3.sl
dragon_3_e1_4783.sl,SaswatPadhi/LoopInvGen,https://github.com/SaswatPadhi/LoopInvGen,benchmarks/LIA/Lustre,benchmarks/LIA/Lustre/DRAGON_3_e1_4783.sl
dragon_3_e1_4783_e1_3755.sl,SaswatPadhi/LoopInvGen,https://github.com/SaswatPadhi/LoopInvGen,benchmarks/LIA/Lustre,benchmarks/LIA/Lustre/DRAGON_3_e1_4783_e1_3755.sl
dragon_3_e1_4783_e2_158.sl,SaswatPadhi/LoopInvGen,https://github.com/SaswatPadhi/LoopInvGen,benchmarks/LIA/Lustre,benchmarks/LIA/Lustre/DRAGON_3_e1_4783_e2_158.sl
dragon_3_e1_4783_e3_511.sl,SaswatPadhi/LoopInvGen,https://github.com/SaswatPadhi/LoopInvGen,benchmarks/LIA/Lustre,benchmarks/LIA/Lustre/DRAGON_3_e1_4783_e3_511.sl
dragon_3_e2_5343_e1_988.sl,SaswatPadhi/LoopInvGen,https://github.com/SaswatPadhi/LoopInvGen,benchmarks/LIA/Lustre,benchmarks/LIA/Lustre/DRAGON_3_e2_5343_e1_988.sl
dragon_3_e3_3846.sl,SaswatPadhi/LoopInvGen,https://github.com/SaswatPadhi/LoopInvGen,benchmarks/LIA/Lustre,benchmarks/LIA/Lustre/DRAGON_3_e3_3846.sl
dragon_3_e3_5422_e1_2288.sl,SaswatPadhi/LoopInvGen,https://github.com/SaswatPadhi/LoopInvGen,benchmarks/LIA/Lustre,benchmarks/LIA/Lustre/DRAGON_3_e3_5422_e1_2288.sl
dragon_3_e3_5422_e2_3135.sl,SaswatPadhi/LoopInvGen,https://github.com/SaswatPadhi/LoopInvGen,benchmarks/LIA/Lustre,benchmarks/LIA/Lustre/DRAGON_3_e3_5422_e2_3135.sl
dragon_4.sl,SaswatPadhi/LoopInvGen,https://github.com/SaswatPadhi/LoopInvGen,benchmarks/LIA/Lustre,benchmarks/LIA/Lustre/DRAGON_4.sl
dragon_4_e1_4312.sl,SaswatPadhi/LoopInvGen,https://github.com/SaswatPadhi/LoopInvGen,benchmarks/LIA/Lustre,benchmarks/LIA/Lustre/DRAGON_4_e1_4312.sl
dragon_4_e2_2799.sl,SaswatPadhi/LoopInvGen,https://github.com/SaswatPadhi/LoopInvGen,benchmarks/LIA/Lustre,benchmarks/LIA/Lustre/DRAGON_4_e2_2799.sl
dragon_4_e2_2799_e1_1303.sl,SaswatPadhi/LoopInvGen,https://github.com/SaswatPadhi/LoopInvGen,benchmarks/LIA/Lustre,benchmarks/LIA/Lustre/DRAGON_4_e2_2799_e1_1303.sl
dragon_4_e2_2799_e2_2251.sl,SaswatPadhi/LoopInvGen,https://github.com/SaswatPadhi/LoopInvGen,benchmarks/LIA/Lustre,benchmarks/LIA/Lustre/DRAGON_4_e2_2799_e2_2251.sl
dragon_4_e2_2799_e3_1915.sl,SaswatPadhi/LoopInvGen,https://github.com/SaswatPadhi/LoopInvGen,benchmarks/LIA/Lustre,benchmarks/LIA/Lustre/DRAGON_4_e2_2799_e3_1915.sl
dragon_4_e3_1540_e1_5048.sl,SaswatPadhi/LoopInvGen,https://github.com/SaswatPadhi/LoopInvGen,benchmarks/LIA/Lustre,benchmarks/LIA/Lustre/DRAGON_4_e3_1540_e1_5048.sl
dragon_4_e3_4133.sl,SaswatPadhi/LoopInvGen,https://github.com/SaswatPadhi/LoopInvGen,benchmarks/LIA/Lustre,benchmarks/LIA/Lustre/DRAGON_4_e3_4133.sl
dragon_5.sl,SaswatPadhi/LoopInvGen,https://github.com/SaswatPadhi/LoopInvGen,benchmarks/LIA/Lustre,benchmarks/LIA/Lustre/DRAGON_5.sl
dragon_5_e1_1835.sl,SaswatPadhi/LoopInvGen,https://github.com/SaswatPadhi/LoopInvGen,benchmarks/LIA/Lustre,benchmarks/LIA/Lustre/DRAGON_5_e1_1835.sl
dragon_5_e2_3018_e2_936.sl,SaswatPadhi/LoopInvGen,https://github.com/SaswatPadhi/LoopInvGen,benchmarks/LIA/Lustre,benchmarks/LIA/Lustre/DRAGON_5_e2_3018_e2_936.sl
dragon_6.sl,SaswatPadhi/LoopInvGen,https://github.com/SaswatPadhi/LoopInvGen,benchmarks/LIA/Lustre,benchmarks/LIA/Lustre/DRAGON_6.sl
dragon_6_e7_5046_e7_3623.sl,SaswatPadhi/LoopInvGen,https://github.com/SaswatPadhi/LoopInvGen,benchmarks/LIA/Lustre,benchmarks/LIA/Lustre/DRAGON_6_e7_5046_e7_3623.sl
dragon_7.sl,SaswatPadhi/LoopInvGen,https://github.com/SaswatPadhi/LoopInvGen,benchmarks/LIA/Lustre,benchmarks/LIA/Lustre/DRAGON_7.sl
dragon_7_e2_2872_e2_5844.sl,SaswatPadhi/LoopInvGen,https://github.com/SaswatPadhi/LoopInvGen,benchmarks/LIA/Lustre,benchmarks/LIA/Lustre/DRAGON_7_e2_2872_e2_5844.sl
dragon_7_e2_2872_e3_2640.sl,SaswatPadhi/LoopInvGen,https://github.com/SaswatPadhi/LoopInvGen,benchmarks/LIA/Lustre,benchmarks/LIA/Lustre/DRAGON_7_e2_2872_e3_2640.sl
dragon_7_e7_3157_e2_2082.sl,SaswatPadhi/LoopInvGen,https://github.com/SaswatPadhi/LoopInvGen,benchmarks/LIA/Lustre,benchmarks/LIA/Lustre/DRAGON_7_e7_3157_e2_2082.sl
dragon_8.sl,SaswatPadhi/LoopInvGen,https://github.com/SaswatPadhi/LoopInvGen,benchmarks/LIA/Lustre,benchmarks/LIA/Lustre/DRAGON_8.sl
dragon_8_e2_3896_e3_3125.sl,SaswatPadhi/LoopInvGen,https://github.com/SaswatPadhi/LoopInvGen,benchmarks/LIA/Lustre,benchmarks/LIA/Lustre/DRAGON_8_e2_3896_e3_3125.sl
dragon_8_e3_786.sl,SaswatPadhi/LoopInvGen,https://github.com/SaswatPadhi/LoopInvGen,benchmarks/LIA/Lustre,benchmarks/LIA/Lustre/DRAGON_8_e3_786.sl
dragon_8_e3_786_e7_4541.sl,SaswatPadhi/LoopInvGen,https://github.com/SaswatPadhi/LoopInvGen,benchmarks/LIA/Lustre,benchmarks/LIA/Lustre/DRAGON_8_e3_786_e7_4541.sl
dragon_8_e7_3752.sl,SaswatPadhi/LoopInvGen,https://github.com/SaswatPadhi/LoopInvGen,benchmarks/LIA/Lustre,benchmarks/LIA/Lustre/DRAGON_8_e7_3752.sl
dragon_9.sl,SaswatPadhi/LoopInvGen,https://github.com/SaswatPadhi/LoopInvGen,benchmarks/LIA/Lustre,benchmarks/LIA/Lustre/DRAGON_9.sl
dragon_9_e7_1843.sl,SaswatPadhi/LoopInvGen,https://github.com/SaswatPadhi/LoopInvGen,benchmarks/LIA/Lustre,benchmarks/LIA/Lustre/DRAGON_9_e7_1843.sl
dragon_9_e7_1843_e1_5434.sl,SaswatPadhi/LoopInvGen,https://github.com/SaswatPadhi/LoopInvGen,benchmarks/LIA/Lustre,benchmarks/LIA/Lustre/DRAGON_9_e7_1843_e1_5434.sl
dragon_9_e7_1843_e2_1145.sl,SaswatPadhi/LoopInvGen,https://github.com/SaswatPadhi/LoopInvGen,benchmarks/LIA/Lustre,benchmarks/LIA/Lustre/DRAGON_9_e7_1843_e2_1145.sl
dragon_9_e7_1843_e3_5316.sl,SaswatPadhi/LoopInvGen,https://github.com/SaswatPadhi/LoopInvGen,benchmarks/LIA/Lustre,benchmarks/LIA/Lustre/DRAGON_9_e7_1843_e3_5316.sl
dragon_9_e7_1843_e7_2225.sl,SaswatPadhi/LoopInvGen,https://github.com/SaswatPadhi/LoopInvGen,benchmarks/LIA/Lustre,benchmarks/LIA/Lustre/DRAGON_9_e7_1843_e7_2225.sl
dragon_all.sl,SaswatPadhi/LoopInvGen,https://github.com/SaswatPadhi/LoopInvGen,benchmarks/LIA/Lustre,benchmarks/LIA/Lustre/DRAGON_all.sl
dragon_all2.sl,SaswatPadhi/LoopInvGen,https://github.com/SaswatPadhi/LoopInvGen,benchmarks/LIA/Lustre,benchmarks/LIA/Lustre/DRAGON_all2.sl
dragon_all2_e3_4612_e1_6463.sl,SaswatPadhi/LoopInvGen,https://github.com/SaswatPadhi/LoopInvGen,benchmarks/LIA/Lustre,benchmarks/LIA/Lustre/DRAGON_all2_e3_4612_e1_6463.sl
dragon_all2_e3_4612_e2_5774.sl,SaswatPadhi/LoopInvGen,https://github.com/SaswatPadhi/LoopInvGen,benchmarks/LIA/Lustre,benchmarks/LIA/Lustre/DRAGON_all2_e3_4612_e2_5774.sl
dragon_all2_e3_4612_e3_1543.sl,SaswatPadhi/LoopInvGen,https://github.com/SaswatPadhi/LoopInvGen,benchmarks/LIA/Lustre,benchmarks/LIA/Lustre/DRAGON_all2_e3_4612_e3_1543.sl
dragon_all2_e3_4612_e4_3719.sl,SaswatPadhi/LoopInvGen,https://github.com/SaswatPadhi/LoopInvGen,benchmarks/LIA/Lustre,benchmarks/LIA/Lustre/DRAGON_all2_e3_4612_e4_3719.sl
dragon_all2_e3_4612_e5_3642.sl,SaswatPadhi/LoopInvGen,https://github.com/SaswatPadhi/LoopInvGen,benchmarks/LIA/Lustre,benchmarks/LIA/Lustre/DRAGON_all2_e3_4612_e5_3642.sl
dragon_all_e1_4022_e1_1759.sl,SaswatPadhi/LoopInvGen,https://github.com/SaswatPadhi/LoopInvGen,benchmarks/LIA/Lustre,benchmarks/LIA/Lustre/DRAGON_all_e1_4022_e1_1759.sl
dragon_all_e1_4022_e2_267.sl,SaswatPadhi/LoopInvGen,https://github.com/SaswatPadhi/LoopInvGen,benchmarks/LIA/Lustre,benchmarks/LIA/Lustre/DRAGON_all_e1_4022_e2_267.sl
dragon_all_e1_4022_e3_3628.sl,SaswatPadhi/LoopInvGen,https://github.com/SaswatPadhi/LoopInvGen,benchmarks/LIA/Lustre,benchmarks/LIA/Lustre/DRAGON_all_e1_4022_e3_3628.sl
dragon_all_e1_4037.sl,SaswatPadhi/LoopInvGen,https://github.com/SaswatPadhi/LoopInvGen,benchmarks/LIA/Lustre,benchmarks/LIA/Lustre/DRAGON_all_e1_4037.sl
dragon_all_e2_6104.sl,SaswatPadhi/LoopInvGen,https://github.com/SaswatPadhi/LoopInvGen,benchmarks/LIA/Lustre,benchmarks/LIA/Lustre/DRAGON_all_e2_6104.sl
dragon_all_e2_6104_e1_6205.sl,SaswatPadhi/LoopInvGen,https://github.com/SaswatPadhi/LoopInvGen,benchmarks/LIA/Lustre,benchmarks/LIA/Lustre/DRAGON_all_e2_6104_e1_6205.sl
dragon_all_e2_6104_e2_3308.sl,SaswatPadhi/LoopInvGen,https://github.com/SaswatPadhi/LoopInvGen,benchmarks/LIA/Lustre,benchmarks/LIA/Lustre/DRAGON_all_e2_6104_e2_3308.sl
dragon_all_e2_6104_e3_2607.sl,SaswatPadhi/LoopInvGen,https://github.com/SaswatPadhi/LoopInvGen,benchmarks/LIA/Lustre,benchmarks/LIA/Lustre/DRAGON_all_e2_6104_e3_2607.sl
dragon_all_e3_4821_e1_1318.sl,SaswatPadhi/LoopInvGen,https://github.com/SaswatPadhi/LoopInvGen,benchmarks/LIA/Lustre,benchmarks/LIA/Lustre/DRAGON_all_e3_4821_e1_1318.sl
dragon_all_e3_4821_e2_1089.sl,SaswatPadhi/LoopInvGen,https://github.com/SaswatPadhi/LoopInvGen,benchmarks/LIA/Lustre,benchmarks/LIA/Lustre/DRAGON_all_e3_4821_e2_1089.sl
dragon_all_e3_4821_e4_1791.sl,SaswatPadhi/LoopInvGen,https://github.com/SaswatPadhi/LoopInvGen,benchmarks/LIA/Lustre,benchmarks/LIA/Lustre/DRAGON_all_e3_4821_e4_1791.sl
dragon_all_e3_4821_e5_1536.sl,SaswatPadhi/LoopInvGen,https://github.com/SaswatPadhi/LoopInvGen,benchmarks/LIA/Lustre,benchmarks/LIA/Lustre/DRAGON_all_e3_4821_e5_1536.sl
dragon_all_e3_5957.sl,SaswatPadhi/LoopInvGen,https://github.com/SaswatPadhi/LoopInvGen,benchmarks/LIA/Lustre,benchmarks/LIA/Lustre/DRAGON_all_e3_5957.sl
durationthm_1_e2_3.sl,SaswatPadhi/LoopInvGen,https://github.com/SaswatPadhi/LoopInvGen,benchmarks/LIA/Lustre,benchmarks/LIA/Lustre/durationThm_1_e2_3.sl
durationthm_1_e3_389.sl,SaswatPadhi/LoopInvGen,https://github.com/SaswatPadhi/LoopInvGen,benchmarks/LIA/Lustre,benchmarks/LIA/Lustre/durationThm_1_e3_389.sl
durationthm_1_e3_389_e4_294.sl,SaswatPadhi/LoopInvGen,https://github.com/SaswatPadhi/LoopInvGen,benchmarks/LIA/Lustre,benchmarks/LIA/Lustre/durationThm_1_e3_389_e4_294.sl
durationthm_1_e3_389_e5_5.sl,SaswatPadhi/LoopInvGen,https://github.com/SaswatPadhi/LoopInvGen,benchmarks/LIA/Lustre,benchmarks/LIA/Lustre/durationThm_1_e3_389_e5_5.sl
durationthm_1_e7_217_e2_352.sl,SaswatPadhi/LoopInvGen,https://github.com/SaswatPadhi/LoopInvGen,benchmarks/LIA/Lustre,benchmarks/LIA/Lustre/durationThm_1_e7_217_e2_352.sl
durationthm_1_e7_217_e3_132.sl,SaswatPadhi/LoopInvGen,https://github.com/SaswatPadhi/LoopInvGen,benchmarks/LIA/Lustre,benchmarks/LIA/Lustre/durationThm_1_e7_217_e3_132.sl
durationthm_2.sl,SaswatPadhi/LoopInvGen,https://github.com/SaswatPadhi/LoopInvGen,benchmarks/LIA/Lustre,benchmarks/LIA/Lustre/durationThm_2.sl
durationthm_2_e1_301.sl,SaswatPadhi/LoopInvGen,https://github.com/SaswatPadhi/LoopInvGen,benchmarks/LIA/Lustre,benchmarks/LIA/Lustre/durationThm_2_e1_301.sl
durationthm_2_e2_63.sl,SaswatPadhi/LoopInvGen,https://github.com/SaswatPadhi/LoopInvGen,benchmarks/LIA/Lustre,benchmarks/LIA/Lustre/durationThm_2_e2_63.sl
durationthm_2_e3_329_e4_1.sl,SaswatPadhi/LoopInvGen,https://github.com/SaswatPadhi/LoopInvGen,benchmarks/LIA/Lustre,benchmarks/LIA/Lustre/durationThm_2_e3_329_e4_1.sl
durationthm_2_e3_329_e5_124.sl,SaswatPadhi/LoopInvGen,https://github.com/SaswatPadhi/LoopInvGen,benchmarks/LIA/Lustre,benchmarks/LIA/Lustre/durationThm_2_e3_329_e5_124.sl
durationthm_2_e3_99.sl,SaswatPadhi/LoopInvGen,https://github.com/SaswatPadhi/LoopInvGen,benchmarks/LIA/Lustre,benchmarks/LIA/Lustre/durationThm_2_e3_99.sl
durationthm_2_e7_145_e2_169-flat.sl,SaswatPadhi/LoopInvGen,https://github.com/SaswatPadhi/LoopInvGen,benchmarks/LIA/Lustre,benchmarks/LIA/Lustre/durationThm_2_e7_145_e2_169-flat.sl
durationthm_2_e7_145_e2_169.sl,SaswatPadhi/LoopInvGen,https://github.com/SaswatPadhi/LoopInvGen,benchmarks/LIA/Lustre,benchmarks/LIA/Lustre/durationThm_2_e7_145_e2_169.sl
durationthm_2_e7_145_e3_222.sl,SaswatPadhi/LoopInvGen,https://github.com/SaswatPadhi/LoopInvGen,benchmarks/LIA/Lustre,benchmarks/LIA/Lustre/durationThm_2_e7_145_e3_222.sl
durationthm_2_e7_145_e8_73.sl,SaswatPadhi/LoopInvGen,https://github.com/SaswatPadhi/LoopInvGen,benchmarks/LIA/Lustre,benchmarks/LIA/Lustre/durationThm_2_e7_145_e8_73.sl
durationthm_3_e2_148.sl,SaswatPadhi/LoopInvGen,https://github.com/SaswatPadhi/LoopInvGen,benchmarks/LIA/Lustre,benchmarks/LIA/Lustre/durationThm_3_e2_148.sl
durationthm_3_e2_63.sl,SaswatPadhi/LoopInvGen,https://github.com/SaswatPadhi/LoopInvGen,benchmarks/LIA/Lustre,benchmarks/LIA/Lustre/durationThm_3_e2_63.sl
durationthm_3_e3_207.sl,SaswatPadhi/LoopInvGen,https://github.com/SaswatPadhi/LoopInvGen,benchmarks/LIA/Lustre,benchmarks/LIA/Lustre/durationThm_3_e3_207.sl
durationthm_3_e3_442.sl,SaswatPadhi/LoopInvGen,https://github.com/SaswatPadhi/LoopInvGen,benchmarks/LIA/Lustre,benchmarks/LIA/Lustre/durationThm_3_e3_442.sl
durationthm_3_e3_442_e4_165.sl,SaswatPadhi/LoopInvGen,https://github.com/SaswatPadhi/LoopInvGen,benchmarks/LIA/Lustre,benchmarks/LIA/Lustre/durationThm_3_e3_442_e4_165.sl
durationthm_3_e3_442_e5_260.sl,SaswatPadhi/LoopInvGen,https://github.com/SaswatPadhi/LoopInvGen,benchmarks/LIA/Lustre,benchmarks/LIA/Lustre/durationThm_3_e3_442_e5_260.sl
durationthm_3_e7_334_e2_62.sl,SaswatPadhi/LoopInvGen,https://github.com/SaswatPadhi/LoopInvGen,benchmarks/LIA/Lustre,benchmarks/LIA/Lustre/durationThm_3_e7_334_e2_62.sl
durationthm_3_e7_334_e3_42.sl,SaswatPadhi/LoopInvGen,https://github.com/SaswatPadhi/LoopInvGen,benchmarks/LIA/Lustre,benchmarks/LIA/Lustre/durationThm_3_e7_334_e3_42.sl
ex1.sl,SaswatPadhi/LoopInvGen,https://github.com/SaswatPadhi/LoopInvGen,benchmarks/LIA/2015.FMCAD_Acceleration,benchmarks/LIA/2015.FMCAD_Acceleration/ex1.sl
ex11-new.sl,SaswatPadhi/LoopInvGen,https://github.com/SaswatPadhi/LoopInvGen,benchmarks/LIA/2016.SyGuS-Comp,benchmarks/LIA/2016.SyGuS-Comp/ex11-new.sl
ex11.sl,SaswatPadhi/LoopInvGen,https://github.com/SaswatPadhi/LoopInvGen,benchmarks/LIA/2016.SyGuS-Comp,benchmarks/LIA/2016.SyGuS-Comp/ex11.sl
ex11_simpl-new.sl,SaswatPadhi/LoopInvGen,https://github.com/SaswatPadhi/LoopInvGen,benchmarks/LIA/2016.SyGuS-Comp,benchmarks/LIA/2016.SyGuS-Comp/ex11_simpl-new.sl
ex11_simpl.sl,SaswatPadhi/LoopInvGen,https://github.com/SaswatPadhi/LoopInvGen,benchmarks/LIA/2016.SyGuS-Comp,benchmarks/LIA/2016.SyGuS-Comp/ex11_simpl.sl
ex11_vars-new.sl,SaswatPadhi/LoopInvGen,https://github.com/SaswatPadhi/LoopInvGen,benchmarks/LIA/2016.SyGuS-Comp,benchmarks/LIA/2016.SyGuS-Comp/ex11_vars-new.sl
ex11_vars.sl,SaswatPadhi/LoopInvGen,https://github.com/SaswatPadhi/LoopInvGen,benchmarks/LIA/2016.SyGuS-Comp,benchmarks/LIA/2016.SyGuS-Comp/ex11_vars.sl
ex14-new.sl,SaswatPadhi/LoopInvGen,https://github.com/SaswatPadhi/LoopInvGen,benchmarks/LIA/2016.SyGuS-Comp,benchmarks/LIA/2016.SyGuS-Comp/ex14-new.sl
ex14.sl,SaswatPadhi/LoopInvGen,https://github.com/SaswatPadhi/LoopInvGen,benchmarks/LIA/2016.SyGuS-Comp,benchmarks/LIA/2016.SyGuS-Comp/ex14.sl
ex14_simp.sl,SaswatPadhi/LoopInvGen,https://github.com/SaswatPadhi/LoopInvGen,benchmarks/LIA/2016.SyGuS-Comp,benchmarks/LIA/2016.SyGuS-Comp/ex14_simp.sl
ex14_vars.sl,SaswatPadhi/LoopInvGen,https://github.com/SaswatPadhi/LoopInvGen,benchmarks/LIA/2016.SyGuS-Comp,benchmarks/LIA/2016.SyGuS-Comp/ex14_vars.sl
ex23.sl,SaswatPadhi/LoopInvGen,https://github.com/SaswatPadhi/LoopInvGen,benchmarks/LIA/2016.SyGuS-Comp,benchmarks/LIA/2016.SyGuS-Comp/ex23.sl
ex3.sl,SaswatPadhi/LoopInvGen,https://github.com/SaswatPadhi/LoopInvGen,benchmarks/LIA/Lustre,benchmarks/LIA/Lustre/ex3.sl
ex3_e7_590_e7_590.sl,SaswatPadhi/LoopInvGen,https://github.com/SaswatPadhi/LoopInvGen,benchmarks/LIA/Lustre,benchmarks/LIA/Lustre/ex3_e7_590_e7_590.sl
ex3_e7_655.sl,SaswatPadhi/LoopInvGen,https://github.com/SaswatPadhi/LoopInvGen,benchmarks/LIA/Lustre,benchmarks/LIA/Lustre/ex3_e7_655.sl
ex3_e8_381.sl,SaswatPadhi/LoopInvGen,https://github.com/SaswatPadhi/LoopInvGen,benchmarks/LIA/Lustre,benchmarks/LIA/Lustre/ex3_e8_381.sl
ex3_e8_381_e7_224.sl,SaswatPadhi/LoopInvGen,https://github.com/SaswatPadhi/LoopInvGen,benchmarks/LIA/Lustre,benchmarks/LIA/Lustre/ex3_e8_381_e7_224.sl
ex3_e8_381_e8_477.sl,SaswatPadhi/LoopInvGen,https://github.com/SaswatPadhi/LoopInvGen,benchmarks/LIA/Lustre,benchmarks/LIA/Lustre/ex3_e8_381_e8_477.sl
ex7.sl,SaswatPadhi/LoopInvGen,https://github.com/SaswatPadhi/LoopInvGen,benchmarks/LIA/2016.SyGuS-Comp,benchmarks/LIA/2016.SyGuS-Comp/ex7.sl
ex7_vars.sl,SaswatPadhi/LoopInvGen,https://github.com/SaswatPadhi/LoopInvGen,benchmarks/LIA/2016.SyGuS-Comp,benchmarks/LIA/2016.SyGuS-Comp/ex7_vars.sl
ex_23_vars.sl,SaswatPadhi/LoopInvGen,https://github.com/SaswatPadhi/LoopInvGen,benchmarks/LIA/2016.SyGuS-Comp,benchmarks/LIA/2016.SyGuS-Comp/ex_23_vars.sl
fast_1.sl,SaswatPadhi/LoopInvGen,https://github.com/SaswatPadhi/LoopInvGen,benchmarks/LIA/Lustre,benchmarks/LIA/Lustre/fast_1.sl
fast_1_e8_747_e8_1041.sl,SaswatPadhi/LoopInvGen,https://github.com/SaswatPadhi/LoopInvGen,benchmarks/LIA/Lustre,benchmarks/LIA/Lustre/fast_1_e8_747_e8_1041.sl
fast_1_e8_751.sl,SaswatPadhi/LoopInvGen,https://github.com/SaswatPadhi/LoopInvGen,benchmarks/LIA/Lustre,benchmarks/LIA/Lustre/fast_1_e8_751.sl
fast_2.sl,SaswatPadhi/LoopInvGen,https://github.com/SaswatPadhi/LoopInvGen,benchmarks/LIA/Lustre,benchmarks/LIA/Lustre/fast_2.sl
fast_2_e8_460_e8_1920.sl,SaswatPadhi/LoopInvGen,https://github.com/SaswatPadhi/LoopInvGen,benchmarks/LIA/Lustre,benchmarks/LIA/Lustre/fast_2_e8_460_e8_1920.sl
fast_2_e8_976.sl,SaswatPadhi/LoopInvGen,https://github.com/SaswatPadhi/LoopInvGen,benchmarks/LIA/Lustre,benchmarks/LIA/Lustre/fast_2_e8_976.sl
fib_01.sl,SaswatPadhi/LoopInvGen,https://github.com/SaswatPadhi/LoopInvGen,benchmarks/LIA/2017.ASE_FiB,benchmarks/LIA/2017.ASE_FiB/fib_01.sl
fib_04.sl,SaswatPadhi/LoopInvGen,https://github.com/SaswatPadhi/LoopInvGen,benchmarks/LIA/2017.ASE_FiB,benchmarks/LIA/2017.ASE_FiB/fib_04.sl
fib_05_x.sl,SaswatPadhi/LoopInvGen,https://github.com/SaswatPadhi/LoopInvGen,benchmarks/LIA/2017.ASE_FiB,benchmarks/LIA/2017.ASE_FiB/fib_05_x.sl
fib_07.sl,SaswatPadhi/LoopInvGen,https://github.com/SaswatPadhi/LoopInvGen,benchmarks/LIA/2017.ASE_FiB,benchmarks/LIA/2017.ASE_FiB/fib_07.sl
fib_08.sl,SaswatPadhi/LoopInvGen,https://github.com/SaswatPadhi/LoopInvGen,benchmarks/LIA/2017.ASE_FiB,benchmarks/LIA/2017.ASE_FiB/fib_08.sl
fib_09s.sl,SaswatPadhi/LoopInvGen,https://github.com/SaswatPadhi/LoopInvGen,benchmarks/LIA/2017.ASE_FiB,benchmarks/LIA/2017.ASE_FiB/fib_09s.sl
fib_10.sl,SaswatPadhi/LoopInvGen,https://github.com/SaswatPadhi/LoopInvGen,benchmarks/LIA/2017.ASE_FiB,benchmarks/LIA/2017.ASE_FiB/fib_10.sl
fib_11.sl,SaswatPadhi/LoopInvGen,https://github.com/SaswatPadhi/LoopInvGen,benchmarks/LIA/2017.ASE_FiB,benchmarks/LIA/2017.ASE_FiB/fib_11.sl
fib_13.sl,SaswatPadhi/LoopInvGen,https://github.com/SaswatPadhi/LoopInvGen,benchmarks/LIA/2017.ASE_FiB,benchmarks/LIA/2017.ASE_FiB/fib_13.sl
fib_14.sl,SaswatPadhi/LoopInvGen,https://github.com/SaswatPadhi/LoopInvGen,benchmarks/LIA/2017.ASE_FiB,benchmarks/LIA/2017.ASE_FiB/fib_14.sl
fib_15.sl,SaswatPadhi/LoopInvGen,https://github.com/SaswatPadhi/LoopInvGen,benchmarks/LIA/2017.ASE_FiB,benchmarks/LIA/2017.ASE_FiB/fib_15.sl
fib_16.sl,SaswatPadhi/LoopInvGen,https://github.com/SaswatPadhi/LoopInvGen,benchmarks/LIA/2017.ASE_FiB,benchmarks/LIA/2017.ASE_FiB/fib_16.sl
fib_17n.sl,SaswatPadhi/LoopInvGen,https://github.com/SaswatPadhi/LoopInvGen,benchmarks/LIA/2017.ASE_FiB,benchmarks/LIA/2017.ASE_FiB/fib_17n.sl
fib_18.sl,SaswatPadhi/LoopInvGen,https://github.com/SaswatPadhi/LoopInvGen,benchmarks/LIA/2017.ASE_FiB,benchmarks/LIA/2017.ASE_FiB/fib_18.sl
fib_19.sl,SaswatPadhi/LoopInvGen,https://github.com/SaswatPadhi/LoopInvGen,benchmarks/LIA/2017.ASE_FiB,benchmarks/LIA/2017.ASE_FiB/fib_19.sl
fib_20.sl,SaswatPadhi/LoopInvGen,https://github.com/SaswatPadhi/LoopInvGen,benchmarks/LIA/2017.ASE_FiB,benchmarks/LIA/2017.ASE_FiB/fib_20.sl
fib_21.sl,SaswatPadhi/LoopInvGen,https://github.com/SaswatPadhi/LoopInvGen,benchmarks/LIA/2017.ASE_FiB,benchmarks/LIA/2017.ASE_FiB/fib_21.sl
fib_23_x.sl,SaswatPadhi/LoopInvGen,https://github.com/SaswatPadhi/LoopInvGen,benchmarks/LIA/2017.ASE_FiB,benchmarks/LIA/2017.ASE_FiB/fib_23_x.sl
fib_25n.sl,SaswatPadhi/LoopInvGen,https://github.com/SaswatPadhi/LoopInvGen,benchmarks/LIA/2017.ASE_FiB,benchmarks/LIA/2017.ASE_FiB/fib_25n.sl
fib_28.sl,SaswatPadhi/LoopInvGen,https://github.com/SaswatPadhi/LoopInvGen,benchmarks/LIA/2017.ASE_FiB,benchmarks/LIA/2017.ASE_FiB/fib_28.sl
fib_30_x.sl,SaswatPadhi/LoopInvGen,https://github.com/SaswatPadhi/LoopInvGen,benchmarks/LIA/2017.ASE_FiB,benchmarks/LIA/2017.ASE_FiB/fib_30_x.sl
fib_32.sl,SaswatPadhi/LoopInvGen,https://github.com/SaswatPadhi/LoopInvGen,benchmarks/LIA/2017.ASE_FiB,benchmarks/LIA/2017.ASE_FiB/fib_32.sl
fib_33ns.sl,SaswatPadhi/LoopInvGen,https://github.com/SaswatPadhi/LoopInvGen,benchmarks/LIA/2017.ASE_FiB,benchmarks/LIA/2017.ASE_FiB/fib_33ns.sl
fib_35.sl,SaswatPadhi/LoopInvGen,https://github.com/SaswatPadhi/LoopInvGen,benchmarks/LIA/2017.ASE_FiB,benchmarks/LIA/2017.ASE_FiB/fib_35.sl
fib_37.sl,SaswatPadhi/LoopInvGen,https://github.com/SaswatPadhi/LoopInvGen,benchmarks/LIA/2017.ASE_FiB,benchmarks/LIA/2017.ASE_FiB/fib_37.sl
fib_41.sl,SaswatPadhi/LoopInvGen,https://github.com/SaswatPadhi/LoopInvGen,benchmarks/LIA/2017.ASE_FiB,benchmarks/LIA/2017.ASE_FiB/fib_41.sl
fib_43.sl,SaswatPadhi/LoopInvGen,https://github.com/SaswatPadhi/LoopInvGen,benchmarks/LIA/2017.ASE_FiB,benchmarks/LIA/2017.ASE_FiB/fib_43.sl
fib_44.sl,SaswatPadhi/LoopInvGen,https://github.com/SaswatPadhi/LoopInvGen,benchmarks/LIA/2017.ASE_FiB,benchmarks/LIA/2017.ASE_FiB/fib_44.sl
fig1-new.sl,SaswatPadhi/LoopInvGen,https://github.com/SaswatPadhi/LoopInvGen,benchmarks/LIA/2016.SyGuS-Comp,benchmarks/LIA/2016.SyGuS-Comp/fig1-new.sl
fig1.sl,SaswatPadhi/LoopInvGen,https://github.com/SaswatPadhi/LoopInvGen,benchmarks/LIA/2016.SyGuS-Comp,benchmarks/LIA/2016.SyGuS-Comp/fig1.sl
fig1_vars-new.sl,SaswatPadhi/LoopInvGen,https://github.com/SaswatPadhi/LoopInvGen,benchmarks/LIA/2016.SyGuS-Comp,benchmarks/LIA/2016.SyGuS-Comp/fig1_vars-new.sl
fig1_vars.sl,SaswatPadhi/LoopInvGen,https://github.com/SaswatPadhi/LoopInvGen,benchmarks/LIA/2016.SyGuS-Comp,benchmarks/LIA/2016.SyGuS-Comp/fig1_vars.sl
fig2.sl,SaswatPadhi/LoopInvGen,https://github.com/SaswatPadhi/LoopInvGen,benchmarks/LIA/2015.FMCAD_Acceleration,benchmarks/LIA/2015.FMCAD_Acceleration/fig2.sl
fig3.sl,SaswatPadhi/LoopInvGen,https://github.com/SaswatPadhi/LoopInvGen,benchmarks/LIA/2016.SyGuS-Comp,benchmarks/LIA/2016.SyGuS-Comp/fig3.sl
fig3_vars.sl,SaswatPadhi/LoopInvGen,https://github.com/SaswatPadhi/LoopInvGen,benchmarks/LIA/2016.SyGuS-Comp,benchmarks/LIA/2016.SyGuS-Comp/fig3_vars.sl
fig9.sl,SaswatPadhi/LoopInvGen,https://github.com/SaswatPadhi/LoopInvGen,benchmarks/LIA/2016.SyGuS-Comp,benchmarks/LIA/2016.SyGuS-Comp/fig9.sl
fig9_vars.sl,SaswatPadhi/LoopInvGen,https://github.com/SaswatPadhi/LoopInvGen,benchmarks/LIA/2016.SyGuS-Comp,benchmarks/LIA/2016.SyGuS-Comp/fig9_vars.sl
firefly_1.sl,SaswatPadhi/LoopInvGen,https://github.com/SaswatPadhi/LoopInvGen,benchmarks/LIA/Lustre,benchmarks/LIA/Lustre/FIREFLY_1.sl
firefly_10.sl,SaswatPadhi/LoopInvGen,https://github.com/SaswatPadhi/LoopInvGen,benchmarks/LIA/Lustre,benchmarks/LIA/Lustre/FIREFLY_10.sl
firefly_10_e7_919_e2_3192.sl,SaswatPadhi/LoopInvGen,https://github.com/SaswatPadhi/LoopInvGen,benchmarks/LIA/Lustre,benchmarks/LIA/Lustre/FIREFLY_10_e7_919_e2_3192.sl
firefly_11.sl,SaswatPadhi/LoopInvGen,https://github.com/SaswatPadhi/LoopInvGen,benchmarks/LIA/Lustre,benchmarks/LIA/Lustre/FIREFLY_11.sl
firefly_11_e1_3457.sl,SaswatPadhi/LoopInvGen,https://github.com/SaswatPadhi/LoopInvGen,benchmarks/LIA/Lustre,benchmarks/LIA/Lustre/FIREFLY_11_e1_3457.sl
firefly_1_e1_1092_e2_1853.sl,SaswatPadhi/LoopInvGen,https://github.com/SaswatPadhi/LoopInvGen,benchmarks/LIA/Lustre,benchmarks/LIA/Lustre/FIREFLY_1_e1_1092_e2_1853.sl
firefly_2.sl,SaswatPadhi/LoopInvGen,https://github.com/SaswatPadhi/LoopInvGen,benchmarks/LIA/Lustre,benchmarks/LIA/Lustre/FIREFLY_2.sl
firefly_3.sl,SaswatPadhi/LoopInvGen,https://github.com/SaswatPadhi/LoopInvGen,benchmarks/LIA/Lustre,benchmarks/LIA/Lustre/FIREFLY_3.sl
firefly_3_e2_2236.sl,SaswatPadhi/LoopInvGen,https://github.com/SaswatPadhi/LoopInvGen,benchmarks/LIA/Lustre,benchmarks/LIA/Lustre/FIREFLY_3_e2_2236.sl
firefly_3_e2_2236_e1_2305.sl,SaswatPadhi/LoopInvGen,https://github.com/SaswatPadhi/LoopInvGen,benchmarks/LIA/Lustre,benchmarks/LIA/Lustre/FIREFLY_3_e2_2236_e1_2305.sl
firefly_3_e2_2236_e2_1058.sl,SaswatPadhi/LoopInvGen,https://github.com/SaswatPadhi/LoopInvGen,benchmarks/LIA/Lustre,benchmarks/LIA/Lustre/FIREFLY_3_e2_2236_e2_1058.sl
firefly_3_e2_2236_e7_3681.sl,SaswatPadhi/LoopInvGen,https://github.com/SaswatPadhi/LoopInvGen,benchmarks/LIA/Lustre,benchmarks/LIA/Lustre/FIREFLY_3_e2_2236_e7_3681.sl
firefly_4.sl,SaswatPadhi/LoopInvGen,https://github.com/SaswatPadhi/LoopInvGen,benchmarks/LIA/Lustre,benchmarks/LIA/Lustre/FIREFLY_4.sl
firefly_4_e3_3511.sl,SaswatPadhi/LoopInvGen,https://github.com/SaswatPadhi/LoopInvGen,benchmarks/LIA/Lustre,benchmarks/LIA/Lustre/FIREFLY_4_e3_3511.sl
firefly_4_e3_3511_e2_1923.sl,SaswatPadhi/LoopInvGen,https://github.com/SaswatPadhi/LoopInvGen,benchmarks/LIA/Lustre,benchmarks/LIA/Lustre/FIREFLY_4_e3_3511_e2_1923.sl
firefly_4_e3_3511_e3_422.sl,SaswatPadhi/LoopInvGen,https://github.com/SaswatPadhi/LoopInvGen,benchmarks/LIA/Lustre,benchmarks/LIA/Lustre/FIREFLY_4_e3_3511_e3_422.sl
firefly_4_e3_3511_e5_3248.sl,SaswatPadhi/LoopInvGen,https://github.com/SaswatPadhi/LoopInvGen,benchmarks/LIA/Lustre,benchmarks/LIA/Lustre/FIREFLY_4_e3_3511_e5_3248.sl
firefly_5.sl,SaswatPadhi/LoopInvGen,https://github.com/SaswatPadhi/LoopInvGen,benchmarks/LIA/Lustre,benchmarks/LIA/Lustre/FIREFLY_5.sl
firefly_5_e1_2552_e7_1169.sl,SaswatPadhi/LoopInvGen,https://github.com/SaswatPadhi/LoopInvGen,benchmarks/LIA/Lustre,benchmarks/LIA/Lustre/FIREFLY_5_e1_2552_e7_1169.sl
firefly_5_e2_2229.sl,SaswatPadhi/LoopInvGen,https://github.com/SaswatPadhi/LoopInvGen,benchmarks/LIA/Lustre,benchmarks/LIA/Lustre/FIREFLY_5_e2_2229.sl
firefly_5_e2_2884.sl,SaswatPadhi/LoopInvGen,https://github.com/SaswatPadhi/LoopInvGen,benchmarks/LIA/Lustre,benchmarks/LIA/Lustre/FIREFLY_5_e2_2884.sl
firefly_5_e2_2884_e1_2678.sl,SaswatPadhi/LoopInvGen,https://github.com/SaswatPadhi/LoopInvGen,benchmarks/LIA/Lustre,benchmarks/LIA/Lustre/FIREFLY_5_e2_2884_e1_2678.sl
firefly_5_e2_2884_e2_1492.sl,SaswatPadhi/LoopInvGen,https://github.com/SaswatPadhi/LoopInvGen,benchmarks/LIA/Lustre,benchmarks/LIA/Lustre/FIREFLY_5_e2_2884_e2_1492.sl
firefly_5_e2_2884_e3_1882.sl,SaswatPadhi/LoopInvGen,https://github.com/SaswatPadhi/LoopInvGen,benchmarks/LIA/Lustre,benchmarks/LIA/Lustre/FIREFLY_5_e2_2884_e3_1882.sl
firefly_5_e2_2884_e7_3594.sl,SaswatPadhi/LoopInvGen,https://github.com/SaswatPadhi/LoopInvGen,benchmarks/LIA/Lustre,benchmarks/LIA/Lustre/FIREFLY_5_e2_2884_e7_3594.sl
firefly_6.sl,SaswatPadhi/LoopInvGen,https://github.com/SaswatPadhi/LoopInvGen,benchmarks/LIA/Lustre,benchmarks/LIA/Lustre/FIREFLY_6.sl
firefly_6_e2_3302.sl,SaswatPadhi/LoopInvGen,https://github.com/SaswatPadhi/LoopInvGen,benchmarks/LIA/Lustre,benchmarks/LIA/Lustre/FIREFLY_6_e2_3302.sl
firefly_7.sl,SaswatPadhi/LoopInvGen,https://github.com/SaswatPadhi/LoopInvGen,benchmarks/LIA/Lustre,benchmarks/LIA/Lustre/FIREFLY_7.sl
firefly_8.sl,SaswatPadhi/LoopInvGen,https://github.com/SaswatPadhi/LoopInvGen,benchmarks/LIA/Lustre,benchmarks/LIA/Lustre/FIREFLY_8.sl
firefly_8_e2_1711.sl,SaswatPadhi/LoopInvGen,https://github.com/SaswatPadhi/LoopInvGen,benchmarks/LIA/Lustre,benchmarks/LIA/Lustre/FIREFLY_8_e2_1711.sl
firefly_8_e2_1711_e1_1489.sl,SaswatPadhi/LoopInvGen,https://github.com/SaswatPadhi/LoopInvGen,benchmarks/LIA/Lustre,benchmarks/LIA/Lustre/FIREFLY_8_e2_1711_e1_1489.sl
firefly_8_e2_1711_e2_2673.sl,SaswatPadhi/LoopInvGen,https://github.com/SaswatPadhi/LoopInvGen,benchmarks/LIA/Lustre,benchmarks/LIA/Lustre/FIREFLY_8_e2_1711_e2_2673.sl
firefly_8_e2_1711_e3_1753.sl,SaswatPadhi/LoopInvGen,https://github.com/SaswatPadhi/LoopInvGen,benchmarks/LIA/Lustre,benchmarks/LIA/Lustre/FIREFLY_8_e2_1711_e3_1753.sl
firefly_9.sl,SaswatPadhi/LoopInvGen,https://github.com/SaswatPadhi/LoopInvGen,benchmarks/LIA/Lustre,benchmarks/LIA/Lustre/FIREFLY_9.sl
firefly_9_e7_170_e3_3647.sl,SaswatPadhi/LoopInvGen,https://github.com/SaswatPadhi/LoopInvGen,benchmarks/LIA/Lustre,benchmarks/LIA/Lustre/FIREFLY_9_e7_170_e3_3647.sl
firefly_a3.sl,SaswatPadhi/LoopInvGen,https://github.com/SaswatPadhi/LoopInvGen,benchmarks/LIA/Lustre,benchmarks/LIA/Lustre/FIREFLY_a3.sl
firefly_a3_e1_3233_e2_2392.sl,SaswatPadhi/LoopInvGen,https://github.com/SaswatPadhi/LoopInvGen,benchmarks/LIA/Lustre,benchmarks/LIA/Lustre/FIREFLY_a3_e1_3233_e2_2392.sl
firefly_a3_e1_3233_e3_2970.sl,SaswatPadhi/LoopInvGen,https://github.com/SaswatPadhi/LoopInvGen,benchmarks/LIA/Lustre,benchmarks/LIA/Lustre/FIREFLY_a3_e1_3233_e3_2970.sl
firefly_a3_e2_2086_e1_3235.sl,SaswatPadhi/LoopInvGen,https://github.com/SaswatPadhi/LoopInvGen,benchmarks/LIA/Lustre,benchmarks/LIA/Lustre/FIREFLY_a3_e2_2086_e1_3235.sl
firefly_a3_e2_2086_e2_2689.sl,SaswatPadhi/LoopInvGen,https://github.com/SaswatPadhi/LoopInvGen,benchmarks/LIA/Lustre,benchmarks/LIA/Lustre/FIREFLY_a3_e2_2086_e2_2689.sl
firefly_a3_e2_2086_e3_2542.sl,SaswatPadhi/LoopInvGen,https://github.com/SaswatPadhi/LoopInvGen,benchmarks/LIA/Lustre,benchmarks/LIA/Lustre/FIREFLY_a3_e2_2086_e3_2542.sl
firefly_a3_e2_2952.sl,SaswatPadhi/LoopInvGen,https://github.com/SaswatPadhi/LoopInvGen,benchmarks/LIA/Lustre,benchmarks/LIA/Lustre/FIREFLY_a3_e2_2952.sl
firefly_a3_e3_314_e2_2812.sl,SaswatPadhi/LoopInvGen,https://github.com/SaswatPadhi/LoopInvGen,benchmarks/LIA/Lustre,benchmarks/LIA/Lustre/FIREFLY_a3_e3_314_e2_2812.sl
firefly_all.sl,SaswatPadhi/LoopInvGen,https://github.com/SaswatPadhi/LoopInvGen,benchmarks/LIA/Lustre,benchmarks/LIA/Lustre/FIREFLY_all.sl
firefly_all_e1_1207_e2_3220.sl,SaswatPadhi/LoopInvGen,https://github.com/SaswatPadhi/LoopInvGen,benchmarks/LIA/Lustre,benchmarks/LIA/Lustre/FIREFLY_all_e1_1207_e2_3220.sl
firefly_all_e2_2924_e1_768.sl,SaswatPadhi/LoopInvGen,https://github.com/SaswatPadhi/LoopInvGen,benchmarks/LIA/Lustre,benchmarks/LIA/Lustre/FIREFLY_all_e2_2924_e1_768.sl
firefly_luke_1a.sl,SaswatPadhi/LoopInvGen,https://github.com/SaswatPadhi/LoopInvGen,benchmarks/LIA/Lustre,benchmarks/LIA/Lustre/FIREFLY_luke_1a.sl
firefly_luke_1a_e2_284_e1_2924.sl,SaswatPadhi/LoopInvGen,https://github.com/SaswatPadhi/LoopInvGen,benchmarks/LIA/Lustre,benchmarks/LIA/Lustre/FIREFLY_luke_1a_e2_284_e1_2924.sl
firefly_luke_1a_e2_284_e2_2755.sl,SaswatPadhi/LoopInvGen,https://github.com/SaswatPadhi/LoopInvGen,benchmarks/LIA/Lustre,benchmarks/LIA/Lustre/FIREFLY_luke_1a_e2_284_e2_2755.sl
firefly_luke_1a_e2_284_e3_3091.sl,SaswatPadhi/LoopInvGen,https://github.com/SaswatPadhi/LoopInvGen,benchmarks/LIA/Lustre,benchmarks/LIA/Lustre/FIREFLY_luke_1a_e2_284_e3_3091.sl
firefly_luke_1a_e7_3042_e3_1213.sl,SaswatPadhi/LoopInvGen,https://github.com/SaswatPadhi/LoopInvGen,benchmarks/LIA/Lustre,benchmarks/LIA/Lustre/FIREFLY_luke_1a_e7_3042_e3_1213.sl
firefly_luke_1b.sl,SaswatPadhi/LoopInvGen,https://github.com/SaswatPadhi/LoopInvGen,benchmarks/LIA/Lustre,benchmarks/LIA/Lustre/FIREFLY_luke_1b.sl
firefly_luke_1b_e1_1139_e2_2893.sl,SaswatPadhi/LoopInvGen,https://github.com/SaswatPadhi/LoopInvGen,benchmarks/LIA/Lustre,benchmarks/LIA/Lustre/FIREFLY_luke_1b_e1_1139_e2_2893.sl
firefly_luke_1b_e2_3049_e1_946.sl,SaswatPadhi/LoopInvGen,https://github.com/SaswatPadhi/LoopInvGen,benchmarks/LIA/Lustre,benchmarks/LIA/Lustre/FIREFLY_luke_1b_e2_3049_e1_946.sl
firefly_luke_1b_e3_671_e6_1974.sl,SaswatPadhi/LoopInvGen,https://github.com/SaswatPadhi/LoopInvGen,benchmarks/LIA/Lustre,benchmarks/LIA/Lustre/FIREFLY_luke_1b_e3_671_e6_1974.sl
firefly_luke_1b_e7_3191_e8_2830.sl,SaswatPadhi/LoopInvGen,https://github.com/SaswatPadhi/LoopInvGen,benchmarks/LIA/Lustre,benchmarks/LIA/Lustre/FIREFLY_luke_1b_e7_3191_e8_2830.sl
firefly_luke_2.sl,SaswatPadhi/LoopInvGen,https://github.com/SaswatPadhi/LoopInvGen,benchmarks/LIA/Lustre,benchmarks/LIA/Lustre/FIREFLY_luke_2.sl
firefly_luke_2_e2_1375_e1_418.sl,SaswatPadhi/LoopInvGen,https://github.com/SaswatPadhi/LoopInvGen,benchmarks/LIA/Lustre,benchmarks/LIA/Lustre/FIREFLY_luke_2_e2_1375_e1_418.sl
firefly_luke_2_e7_1826_e8_126.sl,SaswatPadhi/LoopInvGen,https://github.com/SaswatPadhi/LoopInvGen,benchmarks/LIA/Lustre,benchmarks/LIA/Lustre/FIREFLY_luke_2_e7_1826_e8_126.sl
firefly_luke_3.sl,SaswatPadhi/LoopInvGen,https://github.com/SaswatPadhi/LoopInvGen,benchmarks/LIA/Lustre,benchmarks/LIA/Lustre/FIREFLY_luke_3.sl
firefly_luke_3_e1_2217_e3_1200.sl,SaswatPadhi/LoopInvGen,https://github.com/SaswatPadhi/LoopInvGen,benchmarks/LIA/Lustre,benchmarks/LIA/Lustre/FIREFLY_luke_3_e1_2217_e3_1200.sl
firefly_luke_4.sl,SaswatPadhi/LoopInvGen,https://github.com/SaswatPadhi/LoopInvGen,benchmarks/LIA/Lustre,benchmarks/LIA/Lustre/FIREFLY_luke_4.sl
firefly_luke_4_e2_325.sl,SaswatPadhi/LoopInvGen,https://github.com/SaswatPadhi/LoopInvGen,benchmarks/LIA/Lustre,benchmarks/LIA/Lustre/FIREFLY_luke_4_e2_325.sl
firefly_luke_5.sl,SaswatPadhi/LoopInvGen,https://github.com/SaswatPadhi/LoopInvGen,benchmarks/LIA/Lustre,benchmarks/LIA/Lustre/FIREFLY_luke_5.sl
firefly_luke_rt.sl,SaswatPadhi/LoopInvGen,https://github.com/SaswatPadhi/LoopInvGen,benchmarks/LIA/Lustre,benchmarks/LIA/Lustre/FIREFLY_luke_rt.sl
firefly_luke_rt_e1_913_e2_3353.sl,SaswatPadhi/LoopInvGen,https://github.com/SaswatPadhi/LoopInvGen,benchmarks/LIA/Lustre,benchmarks/LIA/Lustre/FIREFLY_luke_rt_e1_913_e2_3353.sl
firefly_luke_rt_e2_3460_e1_1455.sl,SaswatPadhi/LoopInvGen,https://github.com/SaswatPadhi/LoopInvGen,benchmarks/LIA/Lustre,benchmarks/LIA/Lustre/FIREFLY_luke_rt_e2_3460_e1_1455.sl
firefly_rt.sl,SaswatPadhi/LoopInvGen,https://github.com/SaswatPadhi/LoopInvGen,benchmarks/LIA/Lustre,benchmarks/LIA/Lustre/FIREFLY_rt.sl
firefly_rt_e3_1770_e2_637.sl,SaswatPadhi/LoopInvGen,https://github.com/SaswatPadhi/LoopInvGen,benchmarks/LIA/Lustre,benchmarks/LIA/Lustre/FIREFLY_rt_e3_1770_e2_637.sl
firefly_u1.sl,SaswatPadhi/LoopInvGen,https://github.com/SaswatPadhi/LoopInvGen,benchmarks/LIA/Lustre,benchmarks/LIA/Lustre/FIREFLY_u1.sl
firefly_u1_e2_3403_e2_957.sl,SaswatPadhi/LoopInvGen,https://github.com/SaswatPadhi/LoopInvGen,benchmarks/LIA/Lustre,benchmarks/LIA/Lustre/FIREFLY_u1_e2_3403_e2_957.sl
for_bounded_loop1_false-unreach-call_true-termination.sl,SaswatPadhi/LoopInvGen,https://github.com/SaswatPadhi/LoopInvGen,benchmarks/LIA/2018.SV-Comp,benchmarks/LIA/2018.SV-Comp/for_bounded_loop1_false-unreach-call_true-termination.sl
for_infinite_loop_1_true-unreach-call_false-termination.sl,SaswatPadhi/LoopInvGen,https://github.com/SaswatPadhi/LoopInvGen,benchmarks/LIA/2018.SV-Comp,benchmarks/LIA/2018.SV-Comp/for_infinite_loop_1_true-unreach-call_false-termination.sl
formula22.sl,SaswatPadhi/LoopInvGen,https://github.com/SaswatPadhi/LoopInvGen,benchmarks/LIA/2016.SyGuS-Comp,benchmarks/LIA/2016.SyGuS-Comp/formula22.sl
formula25.sl,SaswatPadhi/LoopInvGen,https://github.com/SaswatPadhi/LoopInvGen,benchmarks/LIA/2016.SyGuS-Comp,benchmarks/LIA/2016.SyGuS-Comp/formula25.sl
formula27.sl,SaswatPadhi/LoopInvGen,https://github.com/SaswatPadhi/LoopInvGen,benchmarks/LIA/2016.SyGuS-Comp,benchmarks/LIA/2016.SyGuS-Comp/formula27.sl
gauss_sum-more-rows.auto.sl,SaswatPadhi/LoopInvGen,https://github.com/SaswatPadhi/LoopInvGen,benchmarks/NIA/2018.CHI_InvGame,benchmarks/NIA/2018.CHI_InvGame/gauss_sum-more-rows.auto.sl
gcnr_tacas08.sl,SaswatPadhi/LoopInvGen,https://github.com/SaswatPadhi/LoopInvGen,benchmarks/LIA/others,benchmarks/LIA/others/gcnr_tacas08.sl
gj2007_true-unreach-call_true-termination.sl,SaswatPadhi/LoopInvGen,https://github.com/SaswatPadhi/LoopInvGen,benchmarks/LIA/2018.SV-Comp,benchmarks/LIA/2018.SV-Comp/gj2007_true-unreach-call_true-termination.sl
gj2007b_true-unreach-call_true-termination.sl,SaswatPadhi/LoopInvGen,https://github.com/SaswatPadhi/LoopInvGen,benchmarks/LIA/2018.SV-Comp,benchmarks/LIA/2018.SV-Comp/gj2007b_true-unreach-call_true-termination.sl
gr2006_true-unreach-call_true-termination.sl,SaswatPadhi/LoopInvGen,https://github.com/SaswatPadhi/LoopInvGen,benchmarks/LIA/2018.SV-Comp,benchmarks/LIA/2018.SV-Comp/gr2006_true-unreach-call_true-termination.sl
gsv2008_true-unreach-call_true-termination.sl,SaswatPadhi/LoopInvGen,https://github.com/SaswatPadhi/LoopInvGen,benchmarks/LIA/2018.SV-Comp,benchmarks/LIA/2018.SV-Comp/gsv2008_true-unreach-call_true-termination.sl
half_2_true-unreach-call_true-termination.sl,SaswatPadhi/LoopInvGen,https://github.com/SaswatPadhi/LoopInvGen,benchmarks/NIA/2018.SV-Comp,benchmarks/NIA/2018.SV-Comp/half_2_true-unreach-call_true-termination.sl
hhk2008_true-unreach-call_true-termination.sl,SaswatPadhi/LoopInvGen,https://github.com/SaswatPadhi/LoopInvGen,benchmarks/LIA/2018.SV-Comp,benchmarks/LIA/2018.SV-Comp/hhk2008_true-unreach-call_true-termination.sl
hola.05.sl,SaswatPadhi/LoopInvGen,https://github.com/SaswatPadhi/LoopInvGen,benchmarks/LIA/2013.OOPSLA_Hola,benchmarks/LIA/2013.OOPSLA_Hola/hola.05.sl
hola.07.sl,SaswatPadhi/LoopInvGen,https://github.com/SaswatPadhi/LoopInvGen,benchmarks/LIA/2013.OOPSLA_Hola,benchmarks/LIA/2013.OOPSLA_Hola/hola.07.sl
hola.20.sl,SaswatPadhi/LoopInvGen,https://github.com/SaswatPadhi/LoopInvGen,benchmarks/LIA/2013.OOPSLA_Hola,benchmarks/LIA/2013.OOPSLA_Hola/hola.20.sl
hola.41-fixed.sl,SaswatPadhi/LoopInvGen,https://github.com/SaswatPadhi/LoopInvGen,benchmarks/LIA/2013.OOPSLA_Hola,benchmarks/LIA/2013.OOPSLA_Hola/hola.41-fixed.sl
hola.41.sl,SaswatPadhi/LoopInvGen,https://github.com/SaswatPadhi/LoopInvGen,benchmarks/LIA/2013.OOPSLA_Hola,benchmarks/LIA/2013.OOPSLA_Hola/hola.41.sl
hola.44.sl,SaswatPadhi/LoopInvGen,https://github.com/SaswatPadhi/LoopInvGen,benchmarks/LIA/2013.OOPSLA_Hola,benchmarks/LIA/2013.OOPSLA_Hola/hola.44.sl
hola_add.sl,SyGuS-Org/benchmarks,https://github.com/SyGuS-Org/benchmarks,comp/2017/Inv_Track,comp/2017/Inv_Track/hola_add.sl
hola_countud.sl,SyGuS-Org/benchmarks,https://github.com/SyGuS-Org/benchmarks,comp/2017/Inv_Track,comp/2017/Inv_Track/hola_countud.sl
hysteresis_1.sl,SaswatPadhi/LoopInvGen,https://github.com/SaswatPadhi/LoopInvGen,benchmarks/LIA/Lustre,benchmarks/LIA/Lustre/hysteresis_1.sl
hysteresis_2.sl,SaswatPadhi/LoopInvGen,https://github.com/SaswatPadhi/LoopInvGen,benchmarks/LIA/Lustre,benchmarks/LIA/Lustre/hysteresis_2.sl
hysteresis_3.sl,SaswatPadhi/LoopInvGen,https://github.com/SaswatPadhi/LoopInvGen,benchmarks/LIA/Lustre,benchmarks/LIA/Lustre/hysteresis_3.sl
hysteresis_all.sl,SaswatPadhi/LoopInvGen,https://github.com/SaswatPadhi/LoopInvGen,benchmarks/LIA/Lustre,benchmarks/LIA/Lustre/hysteresis_all.sl
id_trans_false-unreach-call_true-termination.sl,SaswatPadhi/LoopInvGen,https://github.com/SaswatPadhi/LoopInvGen,benchmarks/NIA/2018.SV-Comp,benchmarks/NIA/2018.SV-Comp/id_trans_false-unreach-call_true-termination.sl
illinois_1.sl,SaswatPadhi/LoopInvGen,https://github.com/SaswatPadhi/LoopInvGen,benchmarks/LIA/Lustre,benchmarks/LIA/Lustre/ILLINOIS_1.sl
illinois_2.sl,SaswatPadhi/LoopInvGen,https://github.com/SaswatPadhi/LoopInvGen,benchmarks/LIA/Lustre,benchmarks/LIA/Lustre/ILLINOIS_2.sl
illinois_2_e1_834_e2_3395.sl,SaswatPadhi/LoopInvGen,https://github.com/SaswatPadhi/LoopInvGen,benchmarks/LIA/Lustre,benchmarks/LIA/Lustre/ILLINOIS_2_e1_834_e2_3395.sl
illinois_2_e2_2367_e1_3182.sl,SaswatPadhi/LoopInvGen,https://github.com/SaswatPadhi/LoopInvGen,benchmarks/LIA/Lustre,benchmarks/LIA/Lustre/ILLINOIS_2_e2_2367_e1_3182.sl
illinois_3.sl,SaswatPadhi/LoopInvGen,https://github.com/SaswatPadhi/LoopInvGen,benchmarks/LIA/Lustre,benchmarks/LIA/Lustre/ILLINOIS_3.sl
illinois_4.sl,SaswatPadhi/LoopInvGen,https://github.com/SaswatPadhi/LoopInvGen,benchmarks/LIA/Lustre,benchmarks/LIA/Lustre/ILLINOIS_4.sl
illinois_4_e7_2651_e7_2847.sl,SaswatPadhi/LoopInvGen,https://github.com/SaswatPadhi/LoopInvGen,benchmarks/LIA/Lustre,benchmarks/LIA/Lustre/ILLINOIS_4_e7_2651_e7_2847.sl
illinois_5.sl,SaswatPadhi/LoopInvGen,https://github.com/SaswatPadhi/LoopInvGen,benchmarks/LIA/Lustre,benchmarks/LIA/Lustre/ILLINOIS_5.sl
illinois_5_e7_692_e7_2865.sl,SaswatPadhi/LoopInvGen,https://github.com/SaswatPadhi/LoopInvGen,benchmarks/LIA/Lustre,benchmarks/LIA/Lustre/ILLINOIS_5_e7_692_e7_2865.sl
illinois_a1.sl,SaswatPadhi/LoopInvGen,https://github.com/SaswatPadhi/LoopInvGen,benchmarks/LIA/Lustre,benchmarks/LIA/Lustre/ILLINOIS_a1.sl
illinois_all.sl,SaswatPadhi/LoopInvGen,https://github.com/SaswatPadhi/LoopInvGen,benchmarks/LIA/Lustre,benchmarks/LIA/Lustre/ILLINOIS_all.sl
illinois_r4a.sl,SaswatPadhi/LoopInvGen,https://github.com/SaswatPadhi/LoopInvGen,benchmarks/LIA/Lustre,benchmarks/LIA/Lustre/ILLINOIS_r4a.sl
inc-array.sl,SaswatPadhi/LoopInvGen,https://github.com/SaswatPadhi/LoopInvGen,benchmarks/ALIA/others,benchmarks/ALIA/others/inc-array.sl
inc.sl,SaswatPadhi/LoopInvGen,https://github.com/SaswatPadhi/LoopInvGen,benchmarks/LIA/2016.SyGuS-Comp,benchmarks/LIA/2016.SyGuS-Comp/inc.sl
inc_simp.sl,SaswatPadhi/LoopInvGen,https://github.com/SaswatPadhi/LoopInvGen,benchmarks/LIA/2016.SyGuS-Comp,benchmarks/LIA/2016.SyGuS-Comp/inc_simp.sl
inc_vars.sl,SaswatPadhi/LoopInvGen,https://github.com/SaswatPadhi/LoopInvGen,benchmarks/LIA/2016.SyGuS-Comp,benchmarks/LIA/2016.SyGuS-Comp/inc_vars.sl
inria-00615623_4.sl,SaswatPadhi/LoopInvGen,https://github.com/SaswatPadhi/LoopInvGen,benchmarks/LIA/others,benchmarks/LIA/others/inria-00615623_4.sl
issue_8.sl,SaswatPadhi/LoopInvGen,https://github.com/SaswatPadhi/LoopInvGen,benchmarks/NIA/other,benchmarks/NIA/other/issue_8.sl
jm2006_true-unreach-call_true-termination.sl,SaswatPadhi/LoopInvGen,https://github.com/SaswatPadhi/LoopInvGen,benchmarks/LIA/2018.SV-Comp,benchmarks/LIA/2018.SV-Comp/jm2006_true-unreach-call_true-termination.sl
jm2006_variant_true-unreach-call_true-termination.sl,SaswatPadhi/LoopInvGen,https://github.com/SaswatPadhi/LoopInvGen,benchmarks/LIA/2018.SV-Comp,benchmarks/LIA/2018.SV-Comp/jm2006_variant_true-unreach-call_true-termination.sl
jmbl_anfp-new.sl,SyGuS-Org/benchmarks,https://github.com/SyGuS-Org/benchmarks,comp/2019/Inv_Track/From2018,comp/2019/Inv_Track/From2018/jmbl_anfp-new.sl
jmbl_anfp.sl,SyGuS-Org/benchmarks,https://github.com/SyGuS-Org/benchmarks,comp/2019/Inv_Track/From2018,comp/2019/Inv_Track/From2018/jmbl_anfp.sl
jmbl_array-new.sl,SyGuS-Org/benchmarks,https://github.com/SyGuS-Org/benchmarks,comp/2019/Inv_Track/From2018,comp/2019/Inv_Track/From2018/jmbl_array-new.sl
jmbl_array.sl,SyGuS-Org/benchmarks,https://github.com/SyGuS-Org/benchmarks,comp/2019/Inv_Track/From2018,comp/2019/Inv_Track/From2018/jmbl_array.sl
jmbl_array_simp.sl,SyGuS-Org/benchmarks,https://github.com/SyGuS-Org/benchmarks,comp/2019/Inv_Track/From2018,comp/2019/Inv_Track/From2018/jmbl_array_simp.sl
jmbl_array_vars.sl,SyGuS-Org/benchmarks,https://github.com/SyGuS-Org/benchmarks,comp/2019/Inv_Track/From2018,comp/2019/Inv_Track/From2018/jmbl_array_vars.sl
jmbl_cegar1-new.sl,SyGuS-Org/benchmarks,https://github.com/SyGuS-Org/benchmarks,comp/2019/Inv_Track/From2018,comp/2019/Inv_Track/From2018/jmbl_cegar1-new.sl
jmbl_cegar1.sl,SyGuS-Org/benchmarks,https://github.com/SyGuS-Org/benchmarks,comp/2019/Inv_Track/From2018,comp/2019/Inv_Track/From2018/jmbl_cegar1.sl
jmbl_cegar1_vars-new.sl,SyGuS-Org/benchmarks,https://github.com/SyGuS-Org/benchmarks,comp/2019/Inv_Track/From2018,comp/2019/Inv_Track/From2018/jmbl_cegar1_vars-new.sl
jmbl_cegar1_vars.sl,SyGuS-Org/benchmarks,https://github.com/SyGuS-Org/benchmarks,comp/2019/Inv_Track/From2018,comp/2019/Inv_Track/From2018/jmbl_cegar1_vars.sl
jmbl_cegar2-new.sl,SyGuS-Org/benchmarks,https://github.com/SyGuS-Org/benchmarks,comp/2019/Inv_Track/From2018,comp/2019/Inv_Track/From2018/jmbl_cegar2-new.sl
jmbl_cegar2.sl,SyGuS-Org/benchmarks,https://github.com/SyGuS-Org/benchmarks,comp/2019/Inv_Track/From2018,comp/2019/Inv_Track/From2018/jmbl_cegar2.sl
jmbl_cegar2_vars-new.sl,SyGuS-Org/benchmarks,https://github.com/SyGuS-Org/benchmarks,comp/2019/Inv_Track/From2018,comp/2019/Inv_Track/From2018/jmbl_cegar2_vars-new.sl
jmbl_cegar2_vars.sl,SyGuS-Org/benchmarks,https://github.com/SyGuS-Org/benchmarks,comp/2019/Inv_Track/From2018,comp/2019/Inv_Track/From2018/jmbl_cegar2_vars.sl
jmbl_cggmp-new.sl,SyGuS-Org/benchmarks,https://github.com/SyGuS-Org/benchmarks,comp/2019/Inv_Track/From2018,comp/2019/Inv_Track/From2018/jmbl_cggmp-new.sl
jmbl_cggmp.sl,SyGuS-Org/benchmarks,https://github.com/SyGuS-Org/benchmarks,comp/2019/Inv_Track/From2018,comp/2019/Inv_Track/From2018/jmbl_cggmp.sl
jmbl_dec-new.sl,SyGuS-Org/benchmarks,https://github.com/SyGuS-Org/benchmarks,comp/2019/Inv_Track/From2018,comp/2019/Inv_Track/From2018/jmbl_dec-new.sl
jmbl_dec.sl,SyGuS-Org/benchmarks,https://github.com/SyGuS-Org/benchmarks,comp/2019/Inv_Track/From2018,comp/2019/Inv_Track/From2018/jmbl_dec.sl
jmbl_dec_simpl-new.sl,SyGuS-Org/benchmarks,https://github.com/SyGuS-Org/benchmarks,comp/2019/Inv_Track/From2018,comp/2019/Inv_Track/From2018/jmbl_dec_simpl-new.sl
jmbl_dec_simpl.sl,SyGuS-Org/benchmarks,https://github.com/SyGuS-Org/benchmarks,comp/2019/Inv_Track/From2018,comp/2019/Inv_Track/From2018/jmbl_dec_simpl.sl
jmbl_dec_vars-new.sl,SyGuS-Org/benchmarks,https://github.com/SyGuS-Org/benchmarks,comp/2019/Inv_Track/From2018,comp/2019/Inv_Track/From2018/jmbl_dec_vars-new.sl
jmbl_dec_vars.sl,SyGuS-Org/benchmarks,https://github.com/SyGuS-Org/benchmarks,comp/2019/Inv_Track/From2018,comp/2019/Inv_Track/From2018/jmbl_dec_vars.sl
jmbl_ex11-new.sl,SyGuS-Org/benchmarks,https://github.com/SyGuS-Org/benchmarks,comp/2019/Inv_Track/From2018,comp/2019/Inv_Track/From2018/jmbl_ex11-new.sl
jmbl_ex11.sl,SyGuS-Org/benchmarks,https://github.com/SyGuS-Org/benchmarks,comp/2019/Inv_Track/From2018,comp/2019/Inv_Track/From2018/jmbl_ex11.sl
jmbl_ex11_simpl-new.sl,SyGuS-Org/benchmarks,https://github.com/SyGuS-Org/benchmarks,comp/2019/Inv_Track/From2018,comp/2019/Inv_Track/From2018/jmbl_ex11_simpl-new.sl
jmbl_ex11_simpl.sl,SyGuS-Org/benchmarks,https://github.com/SyGuS-Org/benchmarks,comp/2019/Inv_Track/From2018,comp/2019/Inv_Track/From2018/jmbl_ex11_simpl.sl
jmbl_ex11_vars-new.sl,SyGuS-Org/benchmarks,https://github.com/SyGuS-Org/benchmarks,comp/2019/Inv_Track/From2018,comp/2019/Inv_Track/From2018/jmbl_ex11_vars-new.sl
jmbl_ex11_vars.sl,SyGuS-Org/benchmarks,https://github.com/SyGuS-Org/benchmarks,comp/2019/Inv_Track/From2018,comp/2019/Inv_Track/From2018/jmbl_ex11_vars.sl
jmbl_ex14-new.sl,SyGuS-Org/benchmarks,https://github.com/SyGuS-Org/benchmarks,comp/2019/Inv_Track/From2018,comp/2019/Inv_Track/From2018/jmbl_ex14-new.sl
jmbl_ex14.sl,SyGuS-Org/benchmarks,https://github.com/SyGuS-Org/benchmarks,comp/2019/Inv_Track/From2018,comp/2019/Inv_Track/From2018/jmbl_ex14.sl
jmbl_ex14_simp.sl,SyGuS-Org/benchmarks,https://github.com/SyGuS-Org/benchmarks,comp/2019/Inv_Track/From2018,comp/2019/Inv_Track/From2018/jmbl_ex14_simp.sl
jmbl_ex14_vars.sl,SyGuS-Org/benchmarks,https://github.com/SyGuS-Org/benchmarks,comp/2019/Inv_Track/From2018,comp/2019/Inv_Track/From2018/jmbl_ex14_vars.sl
jmbl_ex23.sl,SyGuS-Org/benchmarks,https://github.com/SyGuS-Org/benchmarks,comp/2019/Inv_Track/From2018,comp/2019/Inv_Track/From2018/jmbl_ex23.sl
jmbl_ex7.sl,SyGuS-Org/benchmarks,https://github.com/SyGuS-Org/benchmarks,comp/2019/Inv_Track/From2018,comp/2019/Inv_Track/From2018/jmbl_ex7.sl
jmbl_ex7_vars.sl,SyGuS-Org/benchmarks,https://github.com/SyGuS-Org/benchmarks,comp/2019/Inv_Track/From2018,comp/2019/Inv_Track/From2018/jmbl_ex7_vars.sl
jmbl_ex_23_vars.sl,SyGuS-Org/benchmarks,https://github.com/SyGuS-Org/benchmarks,comp/2019/Inv_Track/From2018,comp/2019/Inv_Track/From2018/jmbl_ex_23_vars.sl
jmbl_fig1-new.sl,SyGuS-Org/benchmarks,https://github.com/SyGuS-Org/benchmarks,comp/2019/Inv_Track/From2018,comp/2019/Inv_Track/From2018/jmbl_fig1-new.sl
jmbl_fig1.sl,SyGuS-Org/benchmarks,https://github.com/SyGuS-Org/benchmarks,comp/2019/Inv_Track/From2018,comp/2019/Inv_Track/From2018/jmbl_fig1.sl
jmbl_fig1_vars-new.sl,SyGuS-Org/benchmarks,https://github.com/SyGuS-Org/benchmarks,comp/2019/Inv_Track/From2018,comp/2019/Inv_Track/From2018/jmbl_fig1_vars-new.sl
jmbl_fig1_vars.sl,SyGuS-Org/benchmarks,https://github.com/SyGuS-Org/benchmarks,comp/2019/Inv_Track/From2018,comp/2019/Inv_Track/From2018/jmbl_fig1_vars.sl
jmbl_fig3.sl,SyGuS-Org/benchmarks,https://github.com/SyGuS-Org/benchmarks,comp/2019/Inv_Track/From2018,comp/2019/Inv_Track/From2018/jmbl_fig3.sl
jmbl_fig3_vars.sl,SyGuS-Org/benchmarks,https://github.com/SyGuS-Org/benchmarks,comp/2019/Inv_Track/From2018,comp/2019/Inv_Track/From2018/jmbl_fig3_vars.sl
jmbl_fig9.sl,SyGuS-Org/benchmarks,https://github.com/SyGuS-Org/benchmarks,comp/2019/Inv_Track/From2018,comp/2019/Inv_Track/From2018/jmbl_fig9.sl
jmbl_fig9_vars.sl,SyGuS-Org/benchmarks,https://github.com/SyGuS-Org/benchmarks,comp/2019/Inv_Track/From2018,comp/2019/Inv_Track/From2018/jmbl_fig9_vars.sl
jmbl_formula22.sl,SyGuS-Org/benchmarks,https://github.com/SyGuS-Org/benchmarks,comp/2019/Inv_Track/From2018,comp/2019/Inv_Track/From2018/jmbl_formula22.sl
jmbl_formula25.sl,SyGuS-Org/benchmarks,https://github.com/SyGuS-Org/benchmarks,comp/2019/Inv_Track/From2018,comp/2019/Inv_Track/From2018/jmbl_formula25.sl
jmbl_formula27.sl,SyGuS-Org/benchmarks,https://github.com/SyGuS-Org/benchmarks,comp/2019/Inv_Track/From2018,comp/2019/Inv_Track/From2018/jmbl_formula27.sl
jmbl_hola.05.sl,SyGuS-Org/benchmarks,https://github.com/SyGuS-Org/benchmarks,comp/2019/Inv_Track/From2018,comp/2019/Inv_Track/From2018/jmbl_hola.05.sl
jmbl_hola.07.sl,SyGuS-Org/benchmarks,https://github.com/SyGuS-Org/benchmarks,comp/2019/Inv_Track/From2018,comp/2019/Inv_Track/From2018/jmbl_hola.07.sl
jmbl_hola.20.sl,SyGuS-Org/benchmarks,https://github.com/SyGuS-Org/benchmarks,comp/2019/Inv_Track/From2018,comp/2019/Inv_Track/From2018/jmbl_hola.20.sl
jmbl_hola.41.sl,SyGuS-Org/benchmarks,https://github.com/SyGuS-Org/benchmarks,comp/2019/Inv_Track/From2018,comp/2019/Inv_Track/From2018/jmbl_hola.41.sl
jmbl_hola.44.sl,SyGuS-Org/benchmarks,https://github.com/SyGuS-Org/benchmarks,comp/2019/Inv_Track/From2018,comp/2019/Inv_Track/From2018/jmbl_hola.44.sl
jmbl_hola_add.sl,SyGuS-Org/benchmarks,https://github.com/SyGuS-Org/benchmarks,comp/2019/Inv_Track/From2018,comp/2019/Inv_Track/From2018/jmbl_hola_add.sl
jmbl_hola_countud.sl,SyGuS-Org/benchmarks,https://github.com/SyGuS-Org/benchmarks,comp/2019/Inv_Track/From2018,comp/2019/Inv_Track/From2018/jmbl_hola_countud.sl
jmbl_inc.sl,SyGuS-Org/benchmarks,https://github.com/SyGuS-Org/benchmarks,comp/2019/Inv_Track/From2018,comp/2019/Inv_Track/From2018/jmbl_inc.sl
jmbl_inc_simp.sl,SyGuS-Org/benchmarks,https://github.com/SyGuS-Org/benchmarks,comp/2019/Inv_Track/From2018,comp/2019/Inv_Track/From2018/jmbl_inc_simp.sl
jmbl_inc_vars.sl,SyGuS-Org/benchmarks,https://github.com/SyGuS-Org/benchmarks,comp/2019/Inv_Track/From2018,comp/2019/Inv_Track/From2018/jmbl_inc_vars.sl
jmbl_matrix2.sl,SyGuS-Org/benchmarks,https://github.com/SyGuS-Org/benchmarks,comp/2019/Inv_Track/From2018,comp/2019/Inv_Track/From2018/jmbl_matrix2.sl
jmbl_matrix2_simp.sl,SyGuS-Org/benchmarks,https://github.com/SyGuS-Org/benchmarks,comp/2019/Inv_Track/From2018,comp/2019/Inv_Track/From2018/jmbl_matrix2_simp.sl
jmbl_sum1.sl,SyGuS-Org/benchmarks,https://github.com/SyGuS-Org/benchmarks,comp/2019/Inv_Track/From2018,comp/2019/Inv_Track/From2018/jmbl_sum1.sl
jmbl_sum1_vars.sl,SyGuS-Org/benchmarks,https://github.com/SyGuS-Org/benchmarks,comp/2019/Inv_Track/From2018,comp/2019/Inv_Track/From2018/jmbl_sum1_vars.sl
jmbl_sum3.sl,SyGuS-Org/benchmarks,https://github.com/SyGuS-Org/benchmarks,comp/2019/Inv_Track/From2018,comp/2019/Inv_Track/From2018/jmbl_sum3.sl
jmbl_sum3_vars.sl,SyGuS-Org/benchmarks,https://github.com/SyGuS-Org/benchmarks,comp/2019/Inv_Track/From2018,comp/2019/Inv_Track/From2018/jmbl_sum3_vars.sl
jmbl_sum4.sl,SyGuS-Org/benchmarks,https://github.com/SyGuS-Org/benchmarks,comp/2019/Inv_Track/From2018,comp/2019/Inv_Track/From2018/jmbl_sum4.sl
jmbl_sum4_simp.sl,SyGuS-Org/benchmarks,https://github.com/SyGuS-Org/benchmarks,comp/2019/Inv_Track/From2018,comp/2019/Inv_Track/From2018/jmbl_sum4_simp.sl
jmbl_sum4_vars.sl,SyGuS-Org/benchmarks,https://github.com/SyGuS-Org/benchmarks,comp/2019/Inv_Track/From2018,comp/2019/Inv_Track/From2018/jmbl_sum4_vars.sl
jmbl_tacas.sl,SyGuS-Org/benchmarks,https://github.com/SyGuS-Org/benchmarks,comp/2019/Inv_Track/From2018,comp/2019/Inv_Track/From2018/jmbl_tacas.sl
jmbl_tacas_vars.sl,SyGuS-Org/benchmarks,https://github.com/SyGuS-Org/benchmarks,comp/2019/Inv_Track/From2018,comp/2019/Inv_Track/From2018/jmbl_tacas_vars.sl
jmbl_treax1.sl,SyGuS-Org/benchmarks,https://github.com/SyGuS-Org/benchmarks,comp/2019/Inv_Track/From2018,comp/2019/Inv_Track/From2018/jmbl_treax1.sl
jmbl_trex1_vars.sl,SyGuS-Org/benchmarks,https://github.com/SyGuS-Org/benchmarks,comp/2019/Inv_Track/From2018,comp/2019/Inv_Track/From2018/jmbl_trex1_vars.sl
jmbl_trex3.sl,SyGuS-Org/benchmarks,https://github.com/SyGuS-Org/benchmarks,comp/2019/Inv_Track/From2018,comp/2019/Inv_Track/From2018/jmbl_trex3.sl
jmbl_trex3_vars.sl,SyGuS-Org/benchmarks,https://github.com/SyGuS-Org/benchmarks,comp/2019/Inv_Track/From2018,comp/2019/Inv_Track/From2018/jmbl_trex3_vars.sl
jmbl_vsend.sl,SyGuS-Org/benchmarks,https://github.com/SyGuS-Org/benchmarks,comp/2019/Inv_Track/From2018,comp/2019/Inv_Track/From2018/jmbl_vsend.sl
jmbl_w1.sl,SyGuS-Org/benchmarks,https://github.com/SyGuS-Org/benchmarks,comp/2019/Inv_Track/From2018,comp/2019/Inv_Track/From2018/jmbl_w1.sl
lcm.sl,SaswatPadhi/LoopInvGen,https://github.com/SaswatPadhi/LoopInvGen,benchmarks/NIA/other,benchmarks/NIA/other/lcm.sl
mannadiv.sl,SaswatPadhi/LoopInvGen,https://github.com/SaswatPadhi/LoopInvGen,benchmarks/NIA/2016.ATVA_PILAT,benchmarks/NIA/2016.ATVA_PILAT/mannadiv.sl
matrix2.sl,SaswatPadhi/LoopInvGen,https://github.com/SaswatPadhi/LoopInvGen,benchmarks/LIA/2016.SyGuS-Comp,benchmarks/LIA/2016.SyGuS-Comp/matrix2.sl
matrix2_simp.sl,SaswatPadhi/LoopInvGen,https://github.com/SaswatPadhi/LoopInvGen,benchmarks/LIA/2016.SyGuS-Comp,benchmarks/LIA/2016.SyGuS-Comp/matrix2_simp.sl
mesi_1.sl,SaswatPadhi/LoopInvGen,https://github.com/SaswatPadhi/LoopInvGen,benchmarks/LIA/Lustre,benchmarks/LIA/Lustre/MESI_1.sl
mesi_1_e2_162_e7_1545.sl,SaswatPadhi/LoopInvGen,https://github.com/SaswatPadhi/LoopInvGen,benchmarks/LIA/Lustre,benchmarks/LIA/Lustre/MESI_1_e2_162_e7_1545.sl
mesi_2.sl,SaswatPadhi/LoopInvGen,https://github.com/SaswatPadhi/LoopInvGen,benchmarks/LIA/Lustre,benchmarks/LIA/Lustre/MESI_2.sl
mesi_3.sl,SaswatPadhi/LoopInvGen,https://github.com/SaswatPadhi/LoopInvGen,benchmarks/LIA/Lustre,benchmarks/LIA/Lustre/MESI_3.sl
mesi_3_e1_2517_e8_2163.sl,SaswatPadhi/LoopInvGen,https://github.com/SaswatPadhi/LoopInvGen,benchmarks/LIA/Lustre,benchmarks/LIA/Lustre/MESI_3_e1_2517_e8_2163.sl
mesi_3_e2_819_e1_1145.sl,SaswatPadhi/LoopInvGen,https://github.com/SaswatPadhi/LoopInvGen,benchmarks/LIA/Lustre,benchmarks/LIA/Lustre/MESI_3_e2_819_e1_1145.sl
mesi_3_e2_819_e4_1595.sl,SaswatPadhi/LoopInvGen,https://github.com/SaswatPadhi/LoopInvGen,benchmarks/LIA/Lustre,benchmarks/LIA/Lustre/MESI_3_e2_819_e4_1595.sl
mesi_3_e2_819_e6_1459.sl,SaswatPadhi/LoopInvGen,https://github.com/SaswatPadhi/LoopInvGen,benchmarks/LIA/Lustre,benchmarks/LIA/Lustre/MESI_3_e2_819_e6_1459.sl
mesi_3_e3_2669.sl,SaswatPadhi/LoopInvGen,https://github.com/SaswatPadhi/LoopInvGen,benchmarks/LIA/Lustre,benchmarks/LIA/Lustre/MESI_3_e3_2669.sl
mesi_4.sl,SaswatPadhi/LoopInvGen,https://github.com/SaswatPadhi/LoopInvGen,benchmarks/LIA/Lustre,benchmarks/LIA/Lustre/MESI_4.sl
mesi_4_e7_1140_e7_433.sl,SaswatPadhi/LoopInvGen,https://github.com/SaswatPadhi/LoopInvGen,benchmarks/LIA/Lustre,benchmarks/LIA/Lustre/MESI_4_e7_1140_e7_433.sl
mesi_all.sl,SaswatPadhi/LoopInvGen,https://github.com/SaswatPadhi/LoopInvGen,benchmarks/LIA/Lustre,benchmarks/LIA/Lustre/MESI_all.sl
mesi_all_e4_1147_e7_497.sl,SaswatPadhi/LoopInvGen,https://github.com/SaswatPadhi/LoopInvGen,benchmarks/LIA/Lustre,benchmarks/LIA/Lustre/MESI_all_e4_1147_e7_497.sl
mesi_i3_e1_447_e1_1292.sl,SaswatPadhi/LoopInvGen,https://github.com/SaswatPadhi/LoopInvGen,benchmarks/LIA/Lustre,benchmarks/LIA/Lustre/MESI_i3_e1_447_e1_1292.sl
mesi_i3_e1_447_e3_1180.sl,SaswatPadhi/LoopInvGen,https://github.com/SaswatPadhi/LoopInvGen,benchmarks/LIA/Lustre,benchmarks/LIA/Lustre/MESI_i3_e1_447_e3_1180.sl
mesi_i3_e1_447_e6_2281.sl,SaswatPadhi/LoopInvGen,https://github.com/SaswatPadhi/LoopInvGen,benchmarks/LIA/Lustre,benchmarks/LIA/Lustre/MESI_i3_e1_447_e6_2281.sl
mesi_i4_e6_2175.sl,SaswatPadhi/LoopInvGen,https://github.com/SaswatPadhi/LoopInvGen,benchmarks/LIA/Lustre,benchmarks/LIA/Lustre/MESI_i4_e6_2175.sl
mesi_i4_e7_1017_e6_1132.sl,SaswatPadhi/LoopInvGen,https://github.com/SaswatPadhi/LoopInvGen,benchmarks/LIA/Lustre,benchmarks/LIA/Lustre/MESI_i4_e7_1017_e6_1132.sl
metros_1.sl,SaswatPadhi/LoopInvGen,https://github.com/SaswatPadhi/LoopInvGen,benchmarks/LIA/Lustre,benchmarks/LIA/Lustre/metros_1.sl
metros_1_e1_846_e1_1317.sl,SaswatPadhi/LoopInvGen,https://github.com/SaswatPadhi/LoopInvGen,benchmarks/LIA/Lustre,benchmarks/LIA/Lustre/metros_1_e1_846_e1_1317.sl
metros_1_e1_846_e2_1394.sl,SaswatPadhi/LoopInvGen,https://github.com/SaswatPadhi/LoopInvGen,benchmarks/LIA/Lustre,benchmarks/LIA/Lustre/metros_1_e1_846_e2_1394.sl
metros_1_e1_846_e3_1060.sl,SaswatPadhi/LoopInvGen,https://github.com/SaswatPadhi/LoopInvGen,benchmarks/LIA/Lustre,benchmarks/LIA/Lustre/metros_1_e1_846_e3_1060.sl
metros_1_e1_846_e7_397.sl,SaswatPadhi/LoopInvGen,https://github.com/SaswatPadhi/LoopInvGen,benchmarks/LIA/Lustre,benchmarks/LIA/Lustre/metros_1_e1_846_e7_397.sl
metros_1_e2_1102_e1_317.sl,SaswatPadhi/LoopInvGen,https://github.com/SaswatPadhi/LoopInvGen,benchmarks/LIA/Lustre,benchmarks/LIA/Lustre/metros_1_e2_1102_e1_317.sl
metros_1_e2_1102_e2_943.sl,SaswatPadhi/LoopInvGen,https://github.com/SaswatPadhi/LoopInvGen,benchmarks/LIA/Lustre,benchmarks/LIA/Lustre/metros_1_e2_1102_e2_943.sl
metros_1_e2_1102_e3_961.sl,SaswatPadhi/LoopInvGen,https://github.com/SaswatPadhi/LoopInvGen,benchmarks/LIA/Lustre,benchmarks/LIA/Lustre/metros_1_e2_1102_e3_961.sl
metros_1_e2_1102_e7_1163.sl,SaswatPadhi/LoopInvGen,https://github.com/SaswatPadhi/LoopInvGen,benchmarks/LIA/Lustre,benchmarks/LIA/Lustre/metros_1_e2_1102_e7_1163.sl
metros_1_e2_627.sl,SaswatPadhi/LoopInvGen,https://github.com/SaswatPadhi/LoopInvGen,benchmarks/LIA/Lustre,benchmarks/LIA/Lustre/metros_1_e2_627.sl
metros_1_e7_1255_e7_12.sl,SaswatPadhi/LoopInvGen,https://github.com/SaswatPadhi/LoopInvGen,benchmarks/LIA/Lustre,benchmarks/LIA/Lustre/metros_1_e7_1255_e7_12.sl
metros_1_e7_606.sl,SaswatPadhi/LoopInvGen,https://github.com/SaswatPadhi/LoopInvGen,benchmarks/LIA/Lustre,benchmarks/LIA/Lustre/metros_1_e7_606.sl
metros_1_e8_725.sl,SaswatPadhi/LoopInvGen,https://github.com/SaswatPadhi/LoopInvGen,benchmarks/LIA/Lustre,benchmarks/LIA/Lustre/metros_1_e8_725.sl
metros_1_e8_725_e1_919.sl,SaswatPadhi/LoopInvGen,https://github.com/SaswatPadhi/LoopInvGen,benchmarks/LIA/Lustre,benchmarks/LIA/Lustre/metros_1_e8_725_e1_919.sl
metros_1_e8_725_e2_1144.sl,SaswatPadhi/LoopInvGen,https://github.com/SaswatPadhi/LoopInvGen,benchmarks/LIA/Lustre,benchmarks/LIA/Lustre/metros_1_e8_725_e2_1144.sl
metros_1_e8_725_e3_556.sl,SaswatPadhi/LoopInvGen,https://github.com/SaswatPadhi/LoopInvGen,benchmarks/LIA/Lustre,benchmarks/LIA/Lustre/metros_1_e8_725_e3_556.sl
metros_2.sl,SaswatPadhi/LoopInvGen,https://github.com/SaswatPadhi/LoopInvGen,benchmarks/LIA/Lustre,benchmarks/LIA/Lustre/metros_2.sl
metros_2_e1_1116.sl,SaswatPadhi/LoopInvGen,https://github.com/SaswatPadhi/LoopInvGen,benchmarks/LIA/Lustre,benchmarks/LIA/Lustre/metros_2_e1_1116.sl
metros_2_e1_1116_e2_617.sl,SaswatPadhi/LoopInvGen,https://github.com/SaswatPadhi/LoopInvGen,benchmarks/LIA/Lustre,benchmarks/LIA/Lustre/metros_2_e1_1116_e2_617.sl
metros_2_e1_190.sl,SaswatPadhi/LoopInvGen,https://github.com/SaswatPadhi/LoopInvGen,benchmarks/LIA/Lustre,benchmarks/LIA/Lustre/metros_2_e1_190.sl
metros_2_e2_704_e2_13.sl,SaswatPadhi/LoopInvGen,https://github.com/SaswatPadhi/LoopInvGen,benchmarks/LIA/Lustre,benchmarks/LIA/Lustre/metros_2_e2_704_e2_13.sl
metros_3_e3_1275_e2_454.sl,SaswatPadhi/LoopInvGen,https://github.com/SaswatPadhi/LoopInvGen,benchmarks/LIA/Lustre,benchmarks/LIA/Lustre/metros_3_e3_1275_e2_454.sl
metros_3_e3_1275_e3_640.sl,SaswatPadhi/LoopInvGen,https://github.com/SaswatPadhi/LoopInvGen,benchmarks/LIA/Lustre,benchmarks/LIA/Lustre/metros_3_e3_1275_e3_640.sl
metros_4_e2_968_e2_1166.sl,SaswatPadhi/LoopInvGen,https://github.com/SaswatPadhi/LoopInvGen,benchmarks/LIA/Lustre,benchmarks/LIA/Lustre/metros_4_e2_968_e2_1166.sl
metros_4_e2_968_e3_931.sl,SaswatPadhi/LoopInvGen,https://github.com/SaswatPadhi/LoopInvGen,benchmarks/LIA/Lustre,benchmarks/LIA/Lustre/metros_4_e2_968_e3_931.sl
metros_4_e3_1091_e2_1317.sl,SaswatPadhi/LoopInvGen,https://github.com/SaswatPadhi/LoopInvGen,benchmarks/LIA/Lustre,benchmarks/LIA/Lustre/metros_4_e3_1091_e2_1317.sl
metros_4_e3_1091_e3_522.sl,SaswatPadhi/LoopInvGen,https://github.com/SaswatPadhi/LoopInvGen,benchmarks/LIA/Lustre,benchmarks/LIA/Lustre/metros_4_e3_1091_e3_522.sl
microwave01.sl,SaswatPadhi/LoopInvGen,https://github.com/SaswatPadhi/LoopInvGen,benchmarks/LIA/Lustre,benchmarks/LIA/Lustre/microwave01.sl
microwave02.sl,SaswatPadhi/LoopInvGen,https://github.com/SaswatPadhi/LoopInvGen,benchmarks/LIA/Lustre,benchmarks/LIA/Lustre/microwave02.sl
microwave03.sl,SaswatPadhi/LoopInvGen,https://github.com/SaswatPadhi/LoopInvGen,benchmarks/LIA/Lustre,benchmarks/LIA/Lustre/microwave03.sl
microwave04.sl,SaswatPadhi/LoopInvGen,https://github.com/SaswatPadhi/LoopInvGen,benchmarks/LIA/Lustre,benchmarks/LIA/Lustre/microwave04.sl
microwave05.sl,SaswatPadhi/LoopInvGen,https://github.com/SaswatPadhi/LoopInvGen,benchmarks/LIA/Lustre,benchmarks/LIA/Lustre/microwave05.sl
microwave15.sl,SaswatPadhi/LoopInvGen,https://github.com/SaswatPadhi/LoopInvGen,benchmarks/LIA/Lustre,benchmarks/LIA/Lustre/microwave15.sl
microwave16.sl,SaswatPadhi/LoopInvGen,https://github.com/SaswatPadhi/LoopInvGen,benchmarks/LIA/Lustre,benchmarks/LIA/Lustre/microwave16.sl
microwave17.sl,SaswatPadhi/LoopInvGen,https://github.com/SaswatPadhi/LoopInvGen,benchmarks/LIA/Lustre,benchmarks/LIA/Lustre/microwave17.sl
microwave19.sl,SaswatPadhi/LoopInvGen,https://github.com/SaswatPadhi/LoopInvGen,benchmarks/LIA/Lustre,benchmarks/LIA/Lustre/microwave19.sl
microwave21.sl,SaswatPadhi/LoopInvGen,https://github.com/SaswatPadhi/LoopInvGen,benchmarks/LIA/Lustre,benchmarks/LIA/Lustre/microwave21.sl
microwave22.sl,SaswatPadhi/LoopInvGen,https://github.com/SaswatPadhi/LoopInvGen,benchmarks/LIA/Lustre,benchmarks/LIA/Lustre/microwave22.sl
microwave24.sl,SaswatPadhi/LoopInvGen,https://github.com/SaswatPadhi/LoopInvGen,benchmarks/LIA/Lustre,benchmarks/LIA/Lustre/microwave24.sl
microwave26.sl,SaswatPadhi/LoopInvGen,https://github.com/SaswatPadhi/LoopInvGen,benchmarks/LIA/Lustre,benchmarks/LIA/Lustre/microwave26.sl
microwave27.sl,SaswatPadhi/LoopInvGen,https://github.com/SaswatPadhi/LoopInvGen,benchmarks/LIA/Lustre,benchmarks/LIA/Lustre/microwave27.sl
microwave29.sl,SaswatPadhi/LoopInvGen,https://github.com/SaswatPadhi/LoopInvGen,benchmarks/LIA/Lustre,benchmarks/LIA/Lustre/microwave29.sl
microwave30.sl,SaswatPadhi/LoopInvGen,https://github.com/SaswatPadhi/LoopInvGen,benchmarks/LIA/Lustre,benchmarks/LIA/Lustre/microwave30.sl
minor1.sl,SaswatPadhi/LoopInvGen,https://github.com/SaswatPadhi/LoopInvGen,benchmarks/LIA/2017.ASE_FiB,benchmarks/LIA/2017.ASE_FiB/minor1.sl
minor2.sl,SaswatPadhi/LoopInvGen,https://github.com/SaswatPadhi/LoopInvGen,benchmarks/LIA/2017.ASE_FiB,benchmarks/LIA/2017.ASE_FiB/minor2.sl
minor3.sl,SaswatPadhi/LoopInvGen,https://github.com/SaswatPadhi/LoopInvGen,benchmarks/LIA/2017.ASE_FiB,benchmarks/LIA/2017.ASE_FiB/minor3.sl
moesi_1.sl,SaswatPadhi/LoopInvGen,https://github.com/SaswatPadhi/LoopInvGen,benchmarks/LIA/Lustre,benchmarks/LIA/Lustre/MOESI_1.sl
moesi_1_e2_982_e7_492.sl,SaswatPadhi/LoopInvGen,https://github.com/SaswatPadhi/LoopInvGen,benchmarks/LIA/Lustre,benchmarks/LIA/Lustre/MOESI_1_e2_982_e7_492.sl
moesi_1_e3_1884_e7_1875.sl,SaswatPadhi/LoopInvGen,https://github.com/SaswatPadhi/LoopInvGen,benchmarks/LIA/Lustre,benchmarks/LIA/Lustre/MOESI_1_e3_1884_e7_1875.sl
moesi_2.sl,SaswatPadhi/LoopInvGen,https://github.com/SaswatPadhi/LoopInvGen,benchmarks/LIA/Lustre,benchmarks/LIA/Lustre/MOESI_2.sl
moesi_2_e1_1753.sl,SaswatPadhi/LoopInvGen,https://github.com/SaswatPadhi/LoopInvGen,benchmarks/LIA/Lustre,benchmarks/LIA/Lustre/MOESI_2_e1_1753.sl
moesi_2_e2_155.sl,SaswatPadhi/LoopInvGen,https://github.com/SaswatPadhi/LoopInvGen,benchmarks/LIA/Lustre,benchmarks/LIA/Lustre/MOESI_2_e2_155.sl
moesi_2_e2_1599.sl,SaswatPadhi/LoopInvGen,https://github.com/SaswatPadhi/LoopInvGen,benchmarks/LIA/Lustre,benchmarks/LIA/Lustre/MOESI_2_e2_1599.sl
moesi_2_e2_1599_e8_1334.sl,SaswatPadhi/LoopInvGen,https://github.com/SaswatPadhi/LoopInvGen,benchmarks/LIA/Lustre,benchmarks/LIA/Lustre/MOESI_2_e2_1599_e8_1334.sl
moesi_2_e3_1523.sl,SaswatPadhi/LoopInvGen,https://github.com/SaswatPadhi/LoopInvGen,benchmarks/LIA/Lustre,benchmarks/LIA/Lustre/MOESI_2_e3_1523.sl
moesi_2_e3_929.sl,SaswatPadhi/LoopInvGen,https://github.com/SaswatPadhi/LoopInvGen,benchmarks/LIA/Lustre,benchmarks/LIA/Lustre/MOESI_2_e3_929.sl
moesi_2_e3_929_e4_578.sl,SaswatPadhi/LoopInvGen,https://github.com/SaswatPadhi/LoopInvGen,benchmarks/LIA/Lustre,benchmarks/LIA/Lustre/MOESI_2_e3_929_e4_578.sl
moesi_2_e3_929_e5_1826.sl,SaswatPadhi/LoopInvGen,https://github.com/SaswatPadhi/LoopInvGen,benchmarks/LIA/Lustre,benchmarks/LIA/Lustre/MOESI_2_e3_929_e5_1826.sl
moesi_2_e3_929_e6_2707.sl,SaswatPadhi/LoopInvGen,https://github.com/SaswatPadhi/LoopInvGen,benchmarks/LIA/Lustre,benchmarks/LIA/Lustre/MOESI_2_e3_929_e6_2707.sl
moesi_2_e3_929_e8_1167.sl,SaswatPadhi/LoopInvGen,https://github.com/SaswatPadhi/LoopInvGen,benchmarks/LIA/Lustre,benchmarks/LIA/Lustre/MOESI_2_e3_929_e8_1167.sl
moesi_2_e7_2910_e8_2590.sl,SaswatPadhi/LoopInvGen,https://github.com/SaswatPadhi/LoopInvGen,benchmarks/LIA/Lustre,benchmarks/LIA/Lustre/MOESI_2_e7_2910_e8_2590.sl
moesi_2_e8_101.sl,SaswatPadhi/LoopInvGen,https://github.com/SaswatPadhi/LoopInvGen,benchmarks/LIA/Lustre,benchmarks/LIA/Lustre/MOESI_2_e8_101.sl
moesi_2_e8_926.sl,SaswatPadhi/LoopInvGen,https://github.com/SaswatPadhi/LoopInvGen,benchmarks/LIA/Lustre,benchmarks/LIA/Lustre/MOESI_2_e8_926.sl
moesi_2_e8_926_e1_1065.sl,SaswatPadhi/LoopInvGen,https://github.com/SaswatPadhi/LoopInvGen,benchmarks/LIA/Lustre,benchmarks/LIA/Lustre/MOESI_2_e8_926_e1_1065.sl
moesi_2_e8_926_e2_349.sl,SaswatPadhi/LoopInvGen,https://github.com/SaswatPadhi/LoopInvGen,benchmarks/LIA/Lustre,benchmarks/LIA/Lustre/MOESI_2_e8_926_e2_349.sl
moesi_2_e8_926_e3_1758.sl,SaswatPadhi/LoopInvGen,https://github.com/SaswatPadhi/LoopInvGen,benchmarks/LIA/Lustre,benchmarks/LIA/Lustre/MOESI_2_e8_926_e3_1758.sl
moesi_2_e8_926_e8_2138.sl,SaswatPadhi/LoopInvGen,https://github.com/SaswatPadhi/LoopInvGen,benchmarks/LIA/Lustre,benchmarks/LIA/Lustre/MOESI_2_e8_926_e8_2138.sl
moesi_all.sl,SaswatPadhi/LoopInvGen,https://github.com/SaswatPadhi/LoopInvGen,benchmarks/LIA/Lustre,benchmarks/LIA/Lustre/MOESI_all.sl
mul.sl,SaswatPadhi/LoopInvGen,https://github.com/SaswatPadhi/LoopInvGen,benchmarks/NIA/other,benchmarks/NIA/other/mul.sl
multivar_false-unreach-call1_true-termination.sl,SaswatPadhi/LoopInvGen,https://github.com/SaswatPadhi/LoopInvGen,benchmarks/LIA/2018.SV-Comp,benchmarks/LIA/2018.SV-Comp/multivar_false-unreach-call1_true-termination.sl
multivar_true-unreach-call1_true-termination.sl,SaswatPadhi/LoopInvGen,https://github.com/SaswatPadhi/LoopInvGen,benchmarks/LIA/2018.SV-Comp,benchmarks/LIA/2018.SV-Comp/multivar_true-unreach-call1_true-termination.sl
netbsd_loop_true-unreach-call_true-termination.sl,SaswatPadhi/LoopInvGen,https://github.com/SaswatPadhi/LoopInvGen,benchmarks/LIA/2018.SV-Comp,benchmarks/LIA/2018.SV-Comp/NetBSD_loop_true-unreach-call_true-termination.sl
non-lin-ineq-1.desugared.sl,SaswatPadhi/LoopInvGen,https://github.com/SaswatPadhi/LoopInvGen,benchmarks/NIA/2018.CHI_InvGame,benchmarks/NIA/2018.CHI_InvGame/non-lin-ineq-1.desugared.sl
non-lin-ineq-2.desugared.sl,SaswatPadhi/LoopInvGen,https://github.com/SaswatPadhi/LoopInvGen,benchmarks/NIA/2018.CHI_InvGame,benchmarks/NIA/2018.CHI_InvGame/non-lin-ineq-2.desugared.sl
non-lin-ineq-3.desugared.sl,SaswatPadhi/LoopInvGen,https://github.com/SaswatPadhi/LoopInvGen,benchmarks/NIA/2018.CHI_InvGame,benchmarks/NIA/2018.CHI_InvGame/non-lin-ineq-3.desugared.sl
non-lin-ineq-4.desugared.sl,SaswatPadhi/LoopInvGen,https://github.com/SaswatPadhi/LoopInvGen,benchmarks/NIA/2018.CHI_InvGame,benchmarks/NIA/2018.CHI_InvGame/non-lin-ineq-4.desugared.sl
peterson_1.sl,SaswatPadhi/LoopInvGen,https://github.com/SaswatPadhi/LoopInvGen,benchmarks/LIA/Lustre,benchmarks/LIA/Lustre/peterson_1.sl
peterson_1_e7_4234.sl,SaswatPadhi/LoopInvGen,https://github.com/SaswatPadhi/LoopInvGen,benchmarks/LIA/Lustre,benchmarks/LIA/Lustre/peterson_1_e7_4234.sl
peterson_2.sl,SaswatPadhi/LoopInvGen,https://github.com/SaswatPadhi/LoopInvGen,benchmarks/LIA/Lustre,benchmarks/LIA/Lustre/peterson_2.sl
peterson_3.sl,SaswatPadhi/LoopInvGen,https://github.com/SaswatPadhi/LoopInvGen,benchmarks/LIA/Lustre,benchmarks/LIA/Lustre/peterson_3.sl
peterson_4.sl,SaswatPadhi/LoopInvGen,https://github.com/SaswatPadhi/LoopInvGen,benchmarks/LIA/Lustre,benchmarks/LIA/Lustre/peterson_4.sl
peterson_all.sl,SaswatPadhi/LoopInvGen,https://github.com/SaswatPadhi/LoopInvGen,benchmarks/LIA/Lustre,benchmarks/LIA/Lustre/peterson_all.sl
pldi18_seahorn_fig3.sl,SaswatPadhi/LoopInvGen,https://github.com/SaswatPadhi/LoopInvGen,benchmarks/LIA/others,benchmarks/LIA/others/pldi18_seahorn_Fig3.sl
pldi18_seahorn_fig3_int.sl,SaswatPadhi/LoopInvGen,https://github.com/SaswatPadhi/LoopInvGen,benchmarks/LIA/others,benchmarks/LIA/others/pldi18_seahorn_Fig3_int.sl
pldi18_seahorn_fig4.sl,SaswatPadhi/LoopInvGen,https://github.com/SaswatPadhi/LoopInvGen,benchmarks/LIA/others,benchmarks/LIA/others/pldi18_seahorn_Fig4.sl
poly1.sl,SaswatPadhi/LoopInvGen,https://github.com/SaswatPadhi/LoopInvGen,benchmarks/LIA/2005.ICALP_PolyRank,benchmarks/LIA/2005.ICALP_PolyRank/poly1.sl
poly2.sl,SaswatPadhi/LoopInvGen,https://github.com/SaswatPadhi/LoopInvGen,benchmarks/LIA/2005.ICALP_PolyRank,benchmarks/LIA/2005.ICALP_PolyRank/poly2.sl
poly3.pos_z.sl,SaswatPadhi/LoopInvGen,https://github.com/SaswatPadhi/LoopInvGen,benchmarks/NIA/2005.ICALP_PolyRank,benchmarks/NIA/2005.ICALP_PolyRank/poly3.pos_z.sl
poly7.sl,SaswatPadhi/LoopInvGen,https://github.com/SaswatPadhi/LoopInvGen,benchmarks/NIA/2005.ICALP_PolyRank,benchmarks/NIA/2005.ICALP_PolyRank/poly7.sl
poly9.sl,SaswatPadhi/LoopInvGen,https://github.com/SaswatPadhi/LoopInvGen,benchmarks/LIA/2005.ICALP_PolyRank,benchmarks/LIA/2005.ICALP_PolyRank/poly9.sl
pottsumm2.sl,SaswatPadhi/LoopInvGen,https://github.com/SaswatPadhi/LoopInvGen,benchmarks/NIA/other,benchmarks/NIA/other/pottsumm2.sl
pottsumm3.sl,SaswatPadhi/LoopInvGen,https://github.com/SaswatPadhi/LoopInvGen,benchmarks/NIA/other,benchmarks/NIA/other/pottsumm3.sl
pottsumm4.sl,SaswatPadhi/LoopInvGen,https://github.com/SaswatPadhi/LoopInvGen,benchmarks/NIA/other,benchmarks/NIA/other/pottsumm4.sl
prod-bin.desugared.sl,SaswatPadhi/LoopInvGen,https://github.com/SaswatPadhi/LoopInvGen,benchmarks/NIA/2018.CHI_InvGame,benchmarks/NIA/2018.CHI_InvGame/prod-bin.desugared.sl
prod4br.sl,SaswatPadhi/LoopInvGen,https://github.com/SaswatPadhi/LoopInvGen,benchmarks/NIA/other,benchmarks/NIA/other/prod4br.sl
producer_consumer_1.sl,SaswatPadhi/LoopInvGen,https://github.com/SaswatPadhi/LoopInvGen,benchmarks/LIA/Lustre,benchmarks/LIA/Lustre/PRODUCER_CONSUMER_1.sl
producer_consumer_2.sl,SaswatPadhi/LoopInvGen,https://github.com/SaswatPadhi/LoopInvGen,benchmarks/LIA/Lustre,benchmarks/LIA/Lustre/PRODUCER_CONSUMER_2.sl
producer_consumer_3.sl,SaswatPadhi/LoopInvGen,https://github.com/SaswatPadhi/LoopInvGen,benchmarks/LIA/Lustre,benchmarks/LIA/Lustre/PRODUCER_CONSUMER_3.sl
producer_consumer_all.sl,SaswatPadhi/LoopInvGen,https://github.com/SaswatPadhi/LoopInvGen,benchmarks/LIA/Lustre,benchmarks/LIA/Lustre/PRODUCER_CONSUMER_all.sl
production_cell.sl,SaswatPadhi/LoopInvGen,https://github.com/SaswatPadhi/LoopInvGen,benchmarks/LIA/Lustre,benchmarks/LIA/Lustre/production_cell.sl
production_cell_e7_207_e8_241.sl,SaswatPadhi/LoopInvGen,https://github.com/SaswatPadhi/LoopInvGen,benchmarks/LIA/Lustre,benchmarks/LIA/Lustre/production_cell_e7_207_e8_241.sl
production_cell_e8_6.sl,SaswatPadhi/LoopInvGen,https://github.com/SaswatPadhi/LoopInvGen,benchmarks/LIA/Lustre,benchmarks/LIA/Lustre/production_cell_e8_6.sl
production_cell_e8_792.sl,SaswatPadhi/LoopInvGen,https://github.com/SaswatPadhi/LoopInvGen,benchmarks/LIA/Lustre,benchmarks/LIA/Lustre/production_cell_e8_792.sl
rahul.sl,SaswatPadhi/LoopInvGen,https://github.com/SaswatPadhi/LoopInvGen,benchmarks/LIA/others,benchmarks/LIA/others/rahul.sl
readwrit.sl,SaswatPadhi/LoopInvGen,https://github.com/SaswatPadhi/LoopInvGen,benchmarks/LIA/Lustre,benchmarks/LIA/Lustre/readwrit.sl
rtp_1.sl,SaswatPadhi/LoopInvGen,https://github.com/SaswatPadhi/LoopInvGen,benchmarks/LIA/Lustre,benchmarks/LIA/Lustre/rtp_1.sl
rtp_10.sl,SaswatPadhi/LoopInvGen,https://github.com/SaswatPadhi/LoopInvGen,benchmarks/LIA/Lustre,benchmarks/LIA/Lustre/rtp_10.sl
rtp_10_e7_106_e7_2564.sl,SaswatPadhi/LoopInvGen,https://github.com/SaswatPadhi/LoopInvGen,benchmarks/LIA/Lustre,benchmarks/LIA/Lustre/rtp_10_e7_106_e7_2564.sl
rtp_2.sl,SaswatPadhi/LoopInvGen,https://github.com/SaswatPadhi/LoopInvGen,benchmarks/LIA/Lustre,benchmarks/LIA/Lustre/rtp_2.sl
rtp_3.sl,SaswatPadhi/LoopInvGen,https://github.com/SaswatPadhi/LoopInvGen,benchmarks/LIA/Lustre,benchmarks/LIA/Lustre/rtp_3.sl
rtp_4.sl,SaswatPadhi/LoopInvGen,https://github.com/SaswatPadhi/LoopInvGen,benchmarks/LIA/Lustre,benchmarks/LIA/Lustre/rtp_4.sl
rtp_5.sl,SaswatPadhi/LoopInvGen,https://github.com/SaswatPadhi/LoopInvGen,benchmarks/LIA/Lustre,benchmarks/LIA/Lustre/rtp_5.sl
rtp_5_e7_3972.sl,SaswatPadhi/LoopInvGen,https://github.com/SaswatPadhi/LoopInvGen,benchmarks/LIA/Lustre,benchmarks/LIA/Lustre/rtp_5_e7_3972.sl
rtp_6.sl,SaswatPadhi/LoopInvGen,https://github.com/SaswatPadhi/LoopInvGen,benchmarks/LIA/Lustre,benchmarks/LIA/Lustre/rtp_6.sl
rtp_7.sl,SaswatPadhi/LoopInvGen,https://github.com/SaswatPadhi/LoopInvGen,benchmarks/LIA/Lustre,benchmarks/LIA/Lustre/rtp_7.sl
rtp_8.sl,SaswatPadhi/LoopInvGen,https://github.com/SaswatPadhi/LoopInvGen,benchmarks/LIA/Lustre,benchmarks/LIA/Lustre/rtp_8.sl
rtp_9.sl,SaswatPadhi/LoopInvGen,https://github.com/SaswatPadhi/LoopInvGen,benchmarks/LIA/Lustre,benchmarks/LIA/Lustre/rtp_9.sl
rtp_all.sl,SaswatPadhi/LoopInvGen,https://github.com/SaswatPadhi/LoopInvGen,benchmarks/LIA/Lustre,benchmarks/LIA/Lustre/rtp_all.sl
rtp_all_e7_2500.sl,SaswatPadhi/LoopInvGen,https://github.com/SaswatPadhi/LoopInvGen,benchmarks/LIA/Lustre,benchmarks/LIA/Lustre/rtp_all_e7_2500.sl
s10.desugared.sl,SaswatPadhi/LoopInvGen,https://github.com/SaswatPadhi/LoopInvGen,benchmarks/NIA/2018.CHI_InvGame,benchmarks/NIA/2018.CHI_InvGame/s10.desugared.sl
s11.desugared.sl,SaswatPadhi/LoopInvGen,https://github.com/SaswatPadhi/LoopInvGen,benchmarks/NIA/2018.CHI_InvGame,benchmarks/NIA/2018.CHI_InvGame/s11.desugared.sl
s5auto.desugared.sl,SaswatPadhi/LoopInvGen,https://github.com/SaswatPadhi/LoopInvGen,benchmarks/NIA/2018.CHI_InvGame,benchmarks/NIA/2018.CHI_InvGame/s5auto.desugared.sl
s9.desugared.sl,SaswatPadhi/LoopInvGen,https://github.com/SaswatPadhi/LoopInvGen,benchmarks/NIA/2018.CHI_InvGame,benchmarks/NIA/2018.CHI_InvGame/s9.desugared.sl
sendmail-close-angle_true-unreach-call_true-termination.sl,SaswatPadhi/LoopInvGen,https://github.com/SaswatPadhi/LoopInvGen,benchmarks/LIA/2018.SV-Comp,benchmarks/LIA/2018.SV-Comp/sendmail-close-angle_true-unreach-call_true-termination.sl
seq_true-unreach-call_true-termination.sl,SaswatPadhi/LoopInvGen,https://github.com/SaswatPadhi/LoopInvGen,benchmarks/LIA/2018.SV-Comp,benchmarks/LIA/2018.SV-Comp/seq_true-unreach-call_true-termination.sl
simple_false-unreach-call2_true-termination.sl,SaswatPadhi/LoopInvGen,https://github.com/SaswatPadhi/LoopInvGen,benchmarks/LIA/2018.SV-Comp,benchmarks/LIA/2018.SV-Comp/simple_false-unreach-call2_true-termination.sl
simple_vardep_true-unreach-call1_true-termination.sl,SaswatPadhi/LoopInvGen,https://github.com/SaswatPadhi/LoopInvGen,benchmarks/LIA/2018.SV-Comp,benchmarks/LIA/2018.SV-Comp/simple_vardep_true-unreach-call1_true-termination.sl
simple_vardep_true-unreach-call2_true-termination.sl,SaswatPadhi/LoopInvGen,https://github.com/SaswatPadhi/LoopInvGen,benchmarks/LIA/2018.SV-Comp,benchmarks/LIA/2018.SV-Comp/simple_vardep_true-unreach-call2_true-termination.sl
sorin03.desugared.sl,SaswatPadhi/LoopInvGen,https://github.com/SaswatPadhi/LoopInvGen,benchmarks/NIA/2018.CHI_InvGame,benchmarks/NIA/2018.CHI_InvGame/sorin03.desugared.sl
sorin04.desugared.sl,SaswatPadhi/LoopInvGen,https://github.com/SaswatPadhi/LoopInvGen,benchmarks/NIA/2018.CHI_InvGame,benchmarks/NIA/2018.CHI_InvGame/sorin04.desugared.sl
speed2.sl,SaswatPadhi/LoopInvGen,https://github.com/SaswatPadhi/LoopInvGen,benchmarks/LIA/Lustre,benchmarks/LIA/Lustre/speed2.sl
speed2_e7_223_e7_213.sl,SaswatPadhi/LoopInvGen,https://github.com/SaswatPadhi/LoopInvGen,benchmarks/LIA/Lustre,benchmarks/LIA/Lustre/speed2_e7_223_e7_213.sl
speed2_e7_223_e8_329.sl,SaswatPadhi/LoopInvGen,https://github.com/SaswatPadhi/LoopInvGen,benchmarks/LIA/Lustre,benchmarks/LIA/Lustre/speed2_e7_223_e8_329.sl
speed2_e7_496.sl,SaswatPadhi/LoopInvGen,https://github.com/SaswatPadhi/LoopInvGen,benchmarks/LIA/Lustre,benchmarks/LIA/Lustre/speed2_e7_496.sl
speed2_e8_449.sl,SaswatPadhi/LoopInvGen,https://github.com/SaswatPadhi/LoopInvGen,benchmarks/LIA/Lustre,benchmarks/LIA/Lustre/speed2_e8_449.sl
speed2_e8_449_e7_353.sl,SaswatPadhi/LoopInvGen,https://github.com/SaswatPadhi/LoopInvGen,benchmarks/LIA/Lustre,benchmarks/LIA/Lustre/speed2_e8_449_e7_353.sl
speed2_e8_449_e8_517.sl,SaswatPadhi/LoopInvGen,https://github.com/SaswatPadhi/LoopInvGen,benchmarks/LIA/Lustre,benchmarks/LIA/Lustre/speed2_e8_449_e8_517.sl
speed2_e8_750.sl,SaswatPadhi/LoopInvGen,https://github.com/SaswatPadhi/LoopInvGen,benchmarks/LIA/Lustre,benchmarks/LIA/Lustre/speed2_e8_750.sl
speed_e7_207.sl,SaswatPadhi/LoopInvGen,https://github.com/SaswatPadhi/LoopInvGen,benchmarks/LIA/Lustre,benchmarks/LIA/Lustre/speed_e7_207.sl
speed_e7_207_e7_538.sl,SaswatPadhi/LoopInvGen,https://github.com/SaswatPadhi/LoopInvGen,benchmarks/LIA/Lustre,benchmarks/LIA/Lustre/speed_e7_207_e7_538.sl
speed_e7_207_e8_507.sl,SaswatPadhi/LoopInvGen,https://github.com/SaswatPadhi/LoopInvGen,benchmarks/LIA/Lustre,benchmarks/LIA/Lustre/speed_e7_207_e8_507.sl
speed_e7_492.sl,SaswatPadhi/LoopInvGen,https://github.com/SaswatPadhi/LoopInvGen,benchmarks/LIA/Lustre,benchmarks/LIA/Lustre/speed_e7_492.sl
speed_e8_649.sl,SaswatPadhi/LoopInvGen,https://github.com/SaswatPadhi/LoopInvGen,benchmarks/LIA/Lustre,benchmarks/LIA/Lustre/speed_e8_649.sl
speed_e8_649_e7_709.sl,SaswatPadhi/LoopInvGen,https://github.com/SaswatPadhi/LoopInvGen,benchmarks/LIA/Lustre,benchmarks/LIA/Lustre/speed_e8_649_e7_709.sl
sqrt-more-rows-swap-columns.sl,SaswatPadhi/LoopInvGen,https://github.com/SaswatPadhi/LoopInvGen,benchmarks/NIA/2018.CHI_InvGame,benchmarks/NIA/2018.CHI_InvGame/sqrt-more-rows-swap-columns.sl
stalmark.sl,SaswatPadhi/LoopInvGen,https://github.com/SaswatPadhi/LoopInvGen,benchmarks/LIA/Lustre,benchmarks/LIA/Lustre/stalmark.sl
stalmark_e7_27.sl,SaswatPadhi/LoopInvGen,https://github.com/SaswatPadhi/LoopInvGen,benchmarks/LIA/Lustre,benchmarks/LIA/Lustre/stalmark_e7_27.sl
stalmark_e7_27_e7_31.sl,SaswatPadhi/LoopInvGen,https://github.com/SaswatPadhi/LoopInvGen,benchmarks/LIA/Lustre,benchmarks/LIA/Lustre/stalmark_e7_27_e7_31.sl
stalmark_e7_76.sl,SaswatPadhi/LoopInvGen,https://github.com/SaswatPadhi/LoopInvGen,benchmarks/LIA/Lustre,benchmarks/LIA/Lustre/stalmark_e7_76.sl
steam_boiler_no_arr1.sl,SaswatPadhi/LoopInvGen,https://github.com/SaswatPadhi/LoopInvGen,benchmarks/LIA/Lustre,benchmarks/LIA/Lustre/steam_boiler_no_arr1.sl
steam_boiler_no_arr1_e4_23904_e4_2384.sl,SaswatPadhi/LoopInvGen,https://github.com/SaswatPadhi/LoopInvGen,benchmarks/LIA/Lustre,benchmarks/LIA/Lustre/steam_boiler_no_arr1_e4_23904_e4_2384.sl
steam_boiler_no_arr2.sl,SaswatPadhi/LoopInvGen,https://github.com/SaswatPadhi/LoopInvGen,benchmarks/LIA/Lustre,benchmarks/LIA/Lustre/steam_boiler_no_arr2.sl
steam_boiler_no_arr2_e1_17214_e5_18600.sl,SaswatPadhi/LoopInvGen,https://github.com/SaswatPadhi/LoopInvGen,benchmarks/LIA/Lustre,benchmarks/LIA/Lustre/steam_boiler_no_arr2_e1_17214_e5_18600.sl
steam_boiler_no_arr2_e3_514_e4_11150.sl,SaswatPadhi/LoopInvGen,https://github.com/SaswatPadhi/LoopInvGen,benchmarks/LIA/Lustre,benchmarks/LIA/Lustre/steam_boiler_no_arr2_e3_514_e4_11150.sl
steam_boiler_no_arr2_e6_3003_e4_15091.sl,SaswatPadhi/LoopInvGen,https://github.com/SaswatPadhi/LoopInvGen,benchmarks/LIA/Lustre,benchmarks/LIA/Lustre/steam_boiler_no_arr2_e6_3003_e4_15091.sl
steam_boiler_no_arr2_e7_12307.sl,SaswatPadhi/LoopInvGen,https://github.com/SaswatPadhi/LoopInvGen,benchmarks/LIA/Lustre,benchmarks/LIA/Lustre/steam_boiler_no_arr2_e7_12307.sl
steam_boiler_no_arr2_e8_21449_e5_18210.sl,SaswatPadhi/LoopInvGen,https://github.com/SaswatPadhi/LoopInvGen,benchmarks/LIA/Lustre,benchmarks/LIA/Lustre/steam_boiler_no_arr2_e8_21449_e5_18210.sl
sum01_bug02_false-unreach-call_true-termination.sl,SaswatPadhi/LoopInvGen,https://github.com/SaswatPadhi/LoopInvGen,benchmarks/LIA/2018.SV-Comp,benchmarks/LIA/2018.SV-Comp/sum01_bug02_false-unreach-call_true-termination.sl
sum01_bug02_sum01_bug02_base.sl,SaswatPadhi/LoopInvGen,https://github.com/SaswatPadhi/LoopInvGen,benchmarks/LIA/2018.SV-Comp,benchmarks/LIA/2018.SV-Comp/sum01_bug02_sum01_bug02_base.sl
sum01_false-unreach-call_true-termination.sl,SaswatPadhi/LoopInvGen,https://github.com/SaswatPadhi/LoopInvGen,benchmarks/LIA/2018.SV-Comp,benchmarks/LIA/2018.SV-Comp/sum01_false-unreach-call_true-termination.sl
sum03_false-unreach-call_true-termination.sl,SaswatPadhi/LoopInvGen,https://github.com/SaswatPadhi/LoopInvGen,benchmarks/LIA/2018.SV-Comp,benchmarks/LIA/2018.SV-Comp/sum03_false-unreach-call_true-termination.sl
sum03_true-unreach-call_false-termination.sl,SaswatPadhi/LoopInvGen,https://github.com/SaswatPadhi/LoopInvGen,benchmarks/LIA/2018.SV-Comp,benchmarks/LIA/2018.SV-Comp/sum03_true-unreach-call_false-termination.sl
sum04_false-unreach-call_true-termination.sl,SaswatPadhi/LoopInvGen,https://github.com/SaswatPadhi/LoopInvGen,benchmarks/LIA/2018.SV-Comp,benchmarks/LIA/2018.SV-Comp/sum04_false-unreach-call_true-termination.sl
sum1.sl,SaswatPadhi/LoopInvGen,https://github.com/SaswatPadhi/LoopInvGen,benchmarks/LIA/2016.SyGuS-Comp,benchmarks/LIA/2016.SyGuS-Comp/sum1.sl
sum1_vars.sl,SaswatPadhi/LoopInvGen,https://github.com/SaswatPadhi/LoopInvGen,benchmarks/LIA/2016.SyGuS-Comp,benchmarks/LIA/2016.SyGuS-Comp/sum1_vars.sl
sum3.sl,SaswatPadhi/LoopInvGen,https://github.com/SaswatPadhi/LoopInvGen,benchmarks/LIA/2016.SyGuS-Comp,benchmarks/LIA/2016.SyGuS-Comp/sum3.sl
sum3_vars.sl,SaswatPadhi/LoopInvGen,https://github.com/SaswatPadhi/LoopInvGen,benchmarks/LIA/2016.SyGuS-Comp,benchmarks/LIA/2016.SyGuS-Comp/sum3_vars.sl
sum4.sl,SaswatPadhi/LoopInvGen,https://github.com/SaswatPadhi/LoopInvGen,benchmarks/LIA/2016.SyGuS-Comp,benchmarks/LIA/2016.SyGuS-Comp/sum4.sl
sum4_simp.sl,SaswatPadhi/LoopInvGen,https://github.com/SaswatPadhi/LoopInvGen,benchmarks/LIA/2016.SyGuS-Comp,benchmarks/LIA/2016.SyGuS-Comp/sum4_simp.sl
sum4_vars.sl,SaswatPadhi/LoopInvGen,https://github.com/SaswatPadhi/LoopInvGen,benchmarks/LIA/2016.SyGuS-Comp,benchmarks/LIA/2016.SyGuS-Comp/sum4_vars.sl
synapse_1.sl,SaswatPadhi/LoopInvGen,https://github.com/SaswatPadhi/LoopInvGen,benchmarks/LIA/Lustre,benchmarks/LIA/Lustre/SYNAPSE_1.sl
synapse_123.sl,SaswatPadhi/LoopInvGen,https://github.com/SaswatPadhi/LoopInvGen,benchmarks/LIA/Lustre,benchmarks/LIA/Lustre/SYNAPSE_123.sl
synapse_123_e7_837_e7_1262.sl,SaswatPadhi/LoopInvGen,https://github.com/SaswatPadhi/LoopInvGen,benchmarks/LIA/Lustre,benchmarks/LIA/Lustre/SYNAPSE_123_e7_837_e7_1262.sl
synapse_123_e7_856.sl,SaswatPadhi/LoopInvGen,https://github.com/SaswatPadhi/LoopInvGen,benchmarks/LIA/Lustre,benchmarks/LIA/Lustre/SYNAPSE_123_e7_856.sl
synapse_123_e8_953.sl,SaswatPadhi/LoopInvGen,https://github.com/SaswatPadhi/LoopInvGen,benchmarks/LIA/Lustre,benchmarks/LIA/Lustre/SYNAPSE_123_e8_953.sl
synapse_123_e8_953_e7_1465.sl,SaswatPadhi/LoopInvGen,https://github.com/SaswatPadhi/LoopInvGen,benchmarks/LIA/Lustre,benchmarks/LIA/Lustre/SYNAPSE_123_e8_953_e7_1465.sl
synapse_123_e8_953_e8_941.sl,SaswatPadhi/LoopInvGen,https://github.com/SaswatPadhi/LoopInvGen,benchmarks/LIA/Lustre,benchmarks/LIA/Lustre/SYNAPSE_123_e8_953_e8_941.sl
synapse_2.sl,SaswatPadhi/LoopInvGen,https://github.com/SaswatPadhi/LoopInvGen,benchmarks/LIA/Lustre,benchmarks/LIA/Lustre/SYNAPSE_2.sl
synapse_2_e8_1118_e7_1043.sl,SaswatPadhi/LoopInvGen,https://github.com/SaswatPadhi/LoopInvGen,benchmarks/LIA/Lustre,benchmarks/LIA/Lustre/SYNAPSE_2_e8_1118_e7_1043.sl
synapse_2_e8_1118_e8_1177.sl,SaswatPadhi/LoopInvGen,https://github.com/SaswatPadhi/LoopInvGen,benchmarks/LIA/Lustre,benchmarks/LIA/Lustre/SYNAPSE_2_e8_1118_e8_1177.sl
synapse_2_e8_656.sl,SaswatPadhi/LoopInvGen,https://github.com/SaswatPadhi/LoopInvGen,benchmarks/LIA/Lustre,benchmarks/LIA/Lustre/SYNAPSE_2_e8_656.sl
synapse_3.sl,SaswatPadhi/LoopInvGen,https://github.com/SaswatPadhi/LoopInvGen,benchmarks/LIA/Lustre,benchmarks/LIA/Lustre/SYNAPSE_3.sl
synapse_3_e7_1444_e7_638.sl,SaswatPadhi/LoopInvGen,https://github.com/SaswatPadhi/LoopInvGen,benchmarks/LIA/Lustre,benchmarks/LIA/Lustre/SYNAPSE_3_e7_1444_e7_638.sl
synapse_3_e7_425.sl,SaswatPadhi/LoopInvGen,https://github.com/SaswatPadhi/LoopInvGen,benchmarks/LIA/Lustre,benchmarks/LIA/Lustre/SYNAPSE_3_e7_425.sl
synapse_3_e8_1329_e7_1062.sl,SaswatPadhi/LoopInvGen,https://github.com/SaswatPadhi/LoopInvGen,benchmarks/LIA/Lustre,benchmarks/LIA/Lustre/SYNAPSE_3_e8_1329_e7_1062.sl
synapse_3_e8_1329_e8_320.sl,SaswatPadhi/LoopInvGen,https://github.com/SaswatPadhi/LoopInvGen,benchmarks/LIA/Lustre,benchmarks/LIA/Lustre/SYNAPSE_3_e8_1329_e8_320.sl
synapse_3_e8_1708.sl,SaswatPadhi/LoopInvGen,https://github.com/SaswatPadhi/LoopInvGen,benchmarks/LIA/Lustre,benchmarks/LIA/Lustre/SYNAPSE_3_e8_1708.sl
synapse_4.sl,SaswatPadhi/LoopInvGen,https://github.com/SaswatPadhi/LoopInvGen,benchmarks/LIA/Lustre,benchmarks/LIA/Lustre/SYNAPSE_4.sl
synapse_4_e8_420_e7_572.sl,SaswatPadhi/LoopInvGen,https://github.com/SaswatPadhi/LoopInvGen,benchmarks/LIA/Lustre,benchmarks/LIA/Lustre/SYNAPSE_4_e8_420_e7_572.sl
synapse_4_e8_420_e8_1525.sl,SaswatPadhi/LoopInvGen,https://github.com/SaswatPadhi/LoopInvGen,benchmarks/LIA/Lustre,benchmarks/LIA/Lustre/SYNAPSE_4_e8_420_e8_1525.sl
synapse_4_e8_974.sl,SaswatPadhi/LoopInvGen,https://github.com/SaswatPadhi/LoopInvGen,benchmarks/LIA/Lustre,benchmarks/LIA/Lustre/SYNAPSE_4_e8_974.sl
synapse_5.sl,SaswatPadhi/LoopInvGen,https://github.com/SaswatPadhi/LoopInvGen,benchmarks/LIA/Lustre,benchmarks/LIA/Lustre/SYNAPSE_5.sl
synapse_5_e2_1525.sl,SaswatPadhi/LoopInvGen,https://github.com/SaswatPadhi/LoopInvGen,benchmarks/LIA/Lustre,benchmarks/LIA/Lustre/SYNAPSE_5_e2_1525.sl
synapse_6.sl,SaswatPadhi/LoopInvGen,https://github.com/SaswatPadhi/LoopInvGen,benchmarks/LIA/Lustre,benchmarks/LIA/Lustre/SYNAPSE_6.sl
synapse_6_e2_1439_e1_954.sl,SaswatPadhi/LoopInvGen,https://github.com/SaswatPadhi/LoopInvGen,benchmarks/LIA/Lustre,benchmarks/LIA/Lustre/SYNAPSE_6_e2_1439_e1_954.sl
synapse_6_e3_1666_e5_1558.sl,SaswatPadhi/LoopInvGen,https://github.com/SaswatPadhi/LoopInvGen,benchmarks/LIA/Lustre,benchmarks/LIA/Lustre/SYNAPSE_6_e3_1666_e5_1558.sl
synapse_6_e7_938_e2_1012.sl,SaswatPadhi/LoopInvGen,https://github.com/SaswatPadhi/LoopInvGen,benchmarks/LIA/Lustre,benchmarks/LIA/Lustre/SYNAPSE_6_e7_938_e2_1012.sl
synapse_6_e8_1147_e2_1326.sl,SaswatPadhi/LoopInvGen,https://github.com/SaswatPadhi/LoopInvGen,benchmarks/LIA/Lustre,benchmarks/LIA/Lustre/SYNAPSE_6_e8_1147_e2_1326.sl
synapse_all.sl,SaswatPadhi/LoopInvGen,https://github.com/SaswatPadhi/LoopInvGen,benchmarks/LIA/Lustre,benchmarks/LIA/Lustre/SYNAPSE_all.sl
synapse_all_e7_907.sl,SaswatPadhi/LoopInvGen,https://github.com/SaswatPadhi/LoopInvGen,benchmarks/LIA/Lustre,benchmarks/LIA/Lustre/SYNAPSE_all_e7_907.sl
synapse_all_e7_907_e7_1363.sl,SaswatPadhi/LoopInvGen,https://github.com/SaswatPadhi/LoopInvGen,benchmarks/LIA/Lustre,benchmarks/LIA/Lustre/SYNAPSE_all_e7_907_e7_1363.sl
synapse_all_e8_251.sl,SaswatPadhi/LoopInvGen,https://github.com/SaswatPadhi/LoopInvGen,benchmarks/LIA/Lustre,benchmarks/LIA/Lustre/SYNAPSE_all_e8_251.sl
tacas.sl,SaswatPadhi/LoopInvGen,https://github.com/SaswatPadhi/LoopInvGen,benchmarks/LIA/2016.SyGuS-Comp,benchmarks/LIA/2016.SyGuS-Comp/tacas.sl
tacas_vars.sl,SaswatPadhi/LoopInvGen,https://github.com/SaswatPadhi/LoopInvGen,benchmarks/LIA/2016.SyGuS-Comp,benchmarks/LIA/2016.SyGuS-Comp/tacas_vars.sl
terminator_02_true-unreach-call_true-termination.sl,SaswatPadhi/LoopInvGen,https://github.com/SaswatPadhi/LoopInvGen,benchmarks/LIA/2018.SV-Comp,benchmarks/LIA/2018.SV-Comp/terminator_02_true-unreach-call_true-termination.sl
terminator_03_true-unreach-call_true-termination.sl,SaswatPadhi/LoopInvGen,https://github.com/SaswatPadhi/LoopInvGen,benchmarks/LIA/2018.SV-Comp,benchmarks/LIA/2018.SV-Comp/terminator_03_true-unreach-call_true-termination.sl
test.sl,SaswatPadhi/LoopInvGen,https://github.com/SaswatPadhi/LoopInvGen,benchmarks/LIA/Lustre,benchmarks/LIA/Lustre/test.sl
ticket3i_1.sl,SaswatPadhi/LoopInvGen,https://github.com/SaswatPadhi/LoopInvGen,benchmarks/LIA/Lustre,benchmarks/LIA/Lustre/ticket3i_1.sl
ticket3i_1_e7_1669.sl,SaswatPadhi/LoopInvGen,https://github.com/SaswatPadhi/LoopInvGen,benchmarks/LIA/Lustre,benchmarks/LIA/Lustre/ticket3i_1_e7_1669.sl
ticket3i_2.sl,SaswatPadhi/LoopInvGen,https://github.com/SaswatPadhi/LoopInvGen,benchmarks/LIA/Lustre,benchmarks/LIA/Lustre/ticket3i_2.sl
ticket3i_3.sl,SaswatPadhi/LoopInvGen,https://github.com/SaswatPadhi/LoopInvGen,benchmarks/LIA/Lustre,benchmarks/LIA/Lustre/ticket3i_3.sl
ticket3i_3_e7_1312_e8_1916.sl,SaswatPadhi/LoopInvGen,https://github.com/SaswatPadhi/LoopInvGen,benchmarks/LIA/Lustre,benchmarks/LIA/Lustre/ticket3i_3_e7_1312_e8_1916.sl
ticket3i_3_e8_1703.sl,SaswatPadhi/LoopInvGen,https://github.com/SaswatPadhi/LoopInvGen,benchmarks/LIA/Lustre,benchmarks/LIA/Lustre/ticket3i_3_e8_1703.sl
ticket3i_3_e8_1703_e8_2560.sl,SaswatPadhi/LoopInvGen,https://github.com/SaswatPadhi/LoopInvGen,benchmarks/LIA/Lustre,benchmarks/LIA/Lustre/ticket3i_3_e8_1703_e8_2560.sl
ticket3i_3_e8_1788.sl,SaswatPadhi/LoopInvGen,https://github.com/SaswatPadhi/LoopInvGen,benchmarks/LIA/Lustre,benchmarks/LIA/Lustre/ticket3i_3_e8_1788.sl
ticket3i_4.sl,SaswatPadhi/LoopInvGen,https://github.com/SaswatPadhi/LoopInvGen,benchmarks/LIA/Lustre,benchmarks/LIA/Lustre/ticket3i_4.sl
ticket3i_4_e7_1775_e7_3320.sl,SaswatPadhi/LoopInvGen,https://github.com/SaswatPadhi/LoopInvGen,benchmarks/LIA/Lustre,benchmarks/LIA/Lustre/ticket3i_4_e7_1775_e7_3320.sl
ticket3i_5.sl,SaswatPadhi/LoopInvGen,https://github.com/SaswatPadhi/LoopInvGen,benchmarks/LIA/Lustre,benchmarks/LIA/Lustre/ticket3i_5.sl
ticket3i_5_e7_3307.sl,SaswatPadhi/LoopInvGen,https://github.com/SaswatPadhi/LoopInvGen,benchmarks/LIA/Lustre,benchmarks/LIA/Lustre/ticket3i_5_e7_3307.sl
ticket3i_6.sl,SaswatPadhi/LoopInvGen,https://github.com/SaswatPadhi/LoopInvGen,benchmarks/LIA/Lustre,benchmarks/LIA/Lustre/ticket3i_6.sl
ticket3i_6_e7_1096_e7_2688.sl,SaswatPadhi/LoopInvGen,https://github.com/SaswatPadhi/LoopInvGen,benchmarks/LIA/Lustre,benchmarks/LIA/Lustre/ticket3i_6_e7_1096_e7_2688.sl
ticket3i_7.sl,SaswatPadhi/LoopInvGen,https://github.com/SaswatPadhi/LoopInvGen,benchmarks/LIA/Lustre,benchmarks/LIA/Lustre/ticket3i_7.sl
ticket3i_7_e1_2192_e1_1852.sl,SaswatPadhi/LoopInvGen,https://github.com/SaswatPadhi/LoopInvGen,benchmarks/LIA/Lustre,benchmarks/LIA/Lustre/ticket3i_7_e1_2192_e1_1852.sl
ticket3i_7_e2_2724_e7_524.sl,SaswatPadhi/LoopInvGen,https://github.com/SaswatPadhi/LoopInvGen,benchmarks/LIA/Lustre,benchmarks/LIA/Lustre/ticket3i_7_e2_2724_e7_524.sl
ticket3i_7_e3_59_e7_2122.sl,SaswatPadhi/LoopInvGen,https://github.com/SaswatPadhi/LoopInvGen,benchmarks/LIA/Lustre,benchmarks/LIA/Lustre/ticket3i_7_e3_59_e7_2122.sl
ticket3i_7_e7_3176.sl,SaswatPadhi/LoopInvGen,https://github.com/SaswatPadhi/LoopInvGen,benchmarks/LIA/Lustre,benchmarks/LIA/Lustre/ticket3i_7_e7_3176.sl
ticket3i_7_e7_3176_e1_2924.sl,SaswatPadhi/LoopInvGen,https://github.com/SaswatPadhi/LoopInvGen,benchmarks/LIA/Lustre,benchmarks/LIA/Lustre/ticket3i_7_e7_3176_e1_2924.sl
ticket3i_7_e8_2126_e7_78.sl,SaswatPadhi/LoopInvGen,https://github.com/SaswatPadhi/LoopInvGen,benchmarks/LIA/Lustre,benchmarks/LIA/Lustre/ticket3i_7_e8_2126_e7_78.sl
ticket3i_all.sl,SaswatPadhi/LoopInvGen,https://github.com/SaswatPadhi/LoopInvGen,benchmarks/LIA/Lustre,benchmarks/LIA/Lustre/ticket3i_all.sl
ticket3i_all_e1_2706_e7_1776.sl,SaswatPadhi/LoopInvGen,https://github.com/SaswatPadhi/LoopInvGen,benchmarks/LIA/Lustre,benchmarks/LIA/Lustre/ticket3i_all_e1_2706_e7_1776.sl
ticket3i_all_e2_1117_e7_553.sl,SaswatPadhi/LoopInvGen,https://github.com/SaswatPadhi/LoopInvGen,benchmarks/LIA/Lustre,benchmarks/LIA/Lustre/ticket3i_all_e2_1117_e7_553.sl
ticket3i_all_e3_557_e7_3464.sl,SaswatPadhi/LoopInvGen,https://github.com/SaswatPadhi/LoopInvGen,benchmarks/LIA/Lustre,benchmarks/LIA/Lustre/ticket3i_all_e3_557_e7_3464.sl
ticket3i_all_e7_1837.sl,SaswatPadhi/LoopInvGen,https://github.com/SaswatPadhi/LoopInvGen,benchmarks/LIA/Lustre,benchmarks/LIA/Lustre/ticket3i_all_e7_1837.sl
ticket3i_all_e7_591.sl,SaswatPadhi/LoopInvGen,https://github.com/SaswatPadhi/LoopInvGen,benchmarks/LIA/Lustre,benchmarks/LIA/Lustre/ticket3i_all_e7_591.sl
ticket3i_all_e8_505_e7_2450.sl,SaswatPadhi/LoopInvGen,https://github.com/SaswatPadhi/LoopInvGen,benchmarks/LIA/Lustre,benchmarks/LIA/Lustre/ticket3i_all_e8_505_e7_2450.sl
traffic.sl,SaswatPadhi/LoopInvGen,https://github.com/SaswatPadhi/LoopInvGen,benchmarks/LIA/Lustre,benchmarks/LIA/Lustre/traffic.sl
tramway.sl,SaswatPadhi/LoopInvGen,https://github.com/SaswatPadhi/LoopInvGen,benchmarks/LIA/Lustre,benchmarks/LIA/Lustre/tramway.sl
tramway_e7_1834.sl,SaswatPadhi/LoopInvGen,https://github.com/SaswatPadhi/LoopInvGen,benchmarks/LIA/Lustre,benchmarks/LIA/Lustre/tramway_e7_1834.sl
tramway_e7_1834_e7_2363.sl,SaswatPadhi/LoopInvGen,https://github.com/SaswatPadhi/LoopInvGen,benchmarks/LIA/Lustre,benchmarks/LIA/Lustre/tramway_e7_1834_e7_2363.sl
tramway_e7_1834_e8_3192.sl,SaswatPadhi/LoopInvGen,https://github.com/SaswatPadhi/LoopInvGen,benchmarks/LIA/Lustre,benchmarks/LIA/Lustre/tramway_e7_1834_e8_3192.sl
tramway_e7_3304.sl,SaswatPadhi/LoopInvGen,https://github.com/SaswatPadhi/LoopInvGen,benchmarks/LIA/Lustre,benchmarks/LIA/Lustre/tramway_e7_3304.sl
treax1.sl,SaswatPadhi/LoopInvGen,https://github.com/SaswatPadhi/LoopInvGen,benchmarks/LIA/2016.SyGuS-Comp,benchmarks/LIA/2016.SyGuS-Comp/treax1.sl
trex1_vars.sl,SaswatPadhi/LoopInvGen,https://github.com/SaswatPadhi/LoopInvGen,benchmarks/LIA/2016.SyGuS-Comp,benchmarks/LIA/2016.SyGuS-Comp/trex1_vars.sl
trex3.sl,SaswatPadhi/LoopInvGen,https://github.com/SaswatPadhi/LoopInvGen,benchmarks/LIA/2016.SyGuS-Comp,benchmarks/LIA/2016.SyGuS-Comp/trex3.sl
trex3_vars.sl,SaswatPadhi/LoopInvGen,https://github.com/SaswatPadhi/LoopInvGen,benchmarks/LIA/2016.SyGuS-Comp,benchmarks/LIA/2016.SyGuS-Comp/trex3_vars.sl
twisted_counters.sl,SaswatPadhi/LoopInvGen,https://github.com/SaswatPadhi/LoopInvGen,benchmarks/LIA/Lustre,benchmarks/LIA/Lustre/twisted_counters.sl
two_counters.sl,SaswatPadhi/LoopInvGen,https://github.com/SaswatPadhi/LoopInvGen,benchmarks/LIA/Lustre,benchmarks/LIA/Lustre/two_counters.sl
ums.sl,SaswatPadhi/LoopInvGen,https://github.com/SaswatPadhi/LoopInvGen,benchmarks/LIA/Lustre,benchmarks/LIA/Lustre/ums.sl
ums_e8_1032.sl,SaswatPadhi/LoopInvGen,https://github.com/SaswatPadhi/LoopInvGen,benchmarks/LIA/Lustre,benchmarks/LIA/Lustre/ums_e8_1032.sl
underapprox_false-unreach-call1_true-termination.sl,SaswatPadhi/LoopInvGen,https://github.com/SaswatPadhi/LoopInvGen,benchmarks/LIA/2018.SV-Comp,benchmarks/LIA/2018.SV-Comp/underapprox_false-unreach-call1_true-termination.sl
underapprox_true-unreach-call2_true-termination.sl,SaswatPadhi/LoopInvGen,https://github.com/SaswatPadhi/LoopInvGen,benchmarks/LIA/2018.SV-Comp,benchmarks/LIA/2018.SV-Comp/underapprox_true-unreach-call2_true-termination.sl
up_true-unreach-call_true-termination.sl,SaswatPadhi/LoopInvGen,https://github.com/SaswatPadhi/LoopInvGen,benchmarks/LIA/2018.SV-Comp,benchmarks/LIA/2018.SV-Comp/up_true-unreach-call_true-termination.sl
vardep.sl,SaswatPadhi/LoopInvGen,https://github.com/SaswatPadhi/LoopInvGen,benchmarks/LIA/2017.ASE_FiB,benchmarks/LIA/2017.ASE_FiB/vardep.sl
vsend.sl,SaswatPadhi/LoopInvGen,https://github.com/SaswatPadhi/LoopInvGen,benchmarks/LIA/2016.SyGuS-Comp,benchmarks/LIA/2016.SyGuS-Comp/vsend.sl
w1.sl,SaswatPadhi/LoopInvGen,https://github.com/SaswatPadhi/LoopInvGen,benchmarks/LIA/2016.SyGuS-Comp,benchmarks/LIA/2016.SyGuS-Comp/w1.sl
while_infinite_loop_3_true-unreach-call_false-termination.sl,SaswatPadhi/LoopInvGen,https://github.com/SaswatPadhi/LoopInvGen,benchmarks/LIA/2018.SV-Comp,benchmarks/LIA/2018.SV-Comp/while_infinite_loop_3_true-unreach-call_false-termination.sl
while_infinite_loop_4_false-unreach-call_true-termination.sl,SaswatPadhi/LoopInvGen,https://github.com/SaswatPadhi/LoopInvGen,benchmarks/LIA/2018.SV-Comp,benchmarks/LIA/2018.SV-Comp/while_infinite_loop_4_false-unreach-call_true-termination.sl
