filename,repo,repo_url,source_category,path_within_repo,num_variables,variable_bucket,ground_truth_source
1.c.sl,SaswatPadhi/LoopInvGen,https://github.com/SaswatPadhi/LoopInvGen,benchmarks/LIA/2018.NeurIPS_Code2Inv,benchmarks/LIA/2018.NeurIPS_Code2Inv/1.c.sl,10,6-10,SaswatPadhi/LoopInvGen (benchmarks/LIA/2018.NeurIPS_Code2Inv)
10.c.sl,SaswatPadhi/LoopInvGen,https://github.com/SaswatPadhi/LoopInvGen,benchmarks/LIA/2018.NeurIPS_Code2Inv,benchmarks/LIA/2018.NeurIPS_Code2Inv/10.c.sl,9,6-10,NeuralInvariantRanker (Chakraborty et al.) -- verified positive invariant
100.c.sl,SaswatPadhi/LoopInvGen,https://github.com/SaswatPadhi/LoopInvGen,benchmarks/LIA/2018.NeurIPS_Code2Inv,benchmarks/LIA/2018.NeurIPS_Code2Inv/100.c.sl,12,11-20,NeuralInvariantRanker (Chakraborty et al.) -- verified positive invariant
100_conf1.sl,SaswatPadhi/LoopInvGen,https://github.com/SaswatPadhi/LoopInvGen,benchmarks/LIA/2018.NeurIPS_Code2Inv,benchmarks/LIA/2018.NeurIPS_Code2Inv/100_conf1.sl,17,11-20,NeuralInvariantRanker (Chakraborty et al.) -- verified positive invariant
100_conf5.sl,SaswatPadhi/LoopInvGen,https://github.com/SaswatPadhi/LoopInvGen,benchmarks/LIA/2018.NeurIPS_Code2Inv,benchmarks/LIA/2018.NeurIPS_Code2Inv/100_conf5.sl,26,21-50,NeuralInvariantRanker (Chakraborty et al.) -- verified positive invariant
101.c.sl,SaswatPadhi/LoopInvGen,https://github.com/SaswatPadhi/LoopInvGen,benchmarks/LIA/2018.NeurIPS_Code2Inv,benchmarks/LIA/2018.NeurIPS_Code2Inv/101.c.sl,7,6-10,SaswatPadhi/LoopInvGen (benchmarks/LIA/2018.NeurIPS_Code2Inv)
101_conf1.sl,SaswatPadhi/LoopInvGen,https://github.com/SaswatPadhi/LoopInvGen,benchmarks/LIA/2018.NeurIPS_Code2Inv,benchmarks/LIA/2018.NeurIPS_Code2Inv/101_conf1.sl,11,11-20,NeuralInvariantRanker (Chakraborty et al.) -- verified positive invariant
101_conf5.sl,SaswatPadhi/LoopInvGen,https://github.com/SaswatPadhi/LoopInvGen,benchmarks/LIA/2018.NeurIPS_Code2Inv,benchmarks/LIA/2018.NeurIPS_Code2Inv/101_conf5.sl,19,11-20,SaswatPadhi/LoopInvGen (benchmarks/LIA/2018.NeurIPS_Code2Inv)
102.c.sl,SaswatPadhi/LoopInvGen,https://github.com/SaswatPadhi/LoopInvGen,benchmarks/LIA/2018.NeurIPS_Code2Inv,benchmarks/LIA/2018.NeurIPS_Code2Inv/102.c.sl,7,6-10,SaswatPadhi/LoopInvGen (benchmarks/LIA/2018.NeurIPS_Code2Inv)
102_conf1.sl,SaswatPadhi/LoopInvGen,https://github.com/SaswatPadhi/LoopInvGen,benchmarks/LIA/2018.NeurIPS_Code2Inv,benchmarks/LIA/2018.NeurIPS_Code2Inv/102_conf1.sl,11,11-20,NeuralInvariantRanker (Chakraborty et al.) -- verified positive invariant
102_conf5.sl,SaswatPadhi/LoopInvGen,https://github.com/SaswatPadhi/LoopInvGen,benchmarks/LIA/2018.NeurIPS_Code2Inv,benchmarks/LIA/2018.NeurIPS_Code2Inv/102_conf5.sl,19,11-20,SaswatPadhi/LoopInvGen (benchmarks/LIA/2018.NeurIPS_Code2Inv)
103.c.sl,SaswatPadhi/LoopInvGen,https://github.com/SaswatPadhi/LoopInvGen,benchmarks/LIA/2018.NeurIPS_Code2Inv,benchmarks/LIA/2018.NeurIPS_Code2Inv/103.c.sl,5,3-5,SaswatPadhi/LoopInvGen (benchmarks/LIA/2018.NeurIPS_Code2Inv)
103_conf1.sl,SaswatPadhi/LoopInvGen,https://github.com/SaswatPadhi/LoopInvGen,benchmarks/LIA/2018.NeurIPS_Code2Inv,benchmarks/LIA/2018.NeurIPS_Code2Inv/103_conf1.sl,9,6-10,NeuralInvariantRanker (Chakraborty et al.) -- verified positive invariant
103_conf5.sl,SaswatPadhi/LoopInvGen,https://github.com/SaswatPadhi/LoopInvGen,benchmarks/LIA/2018.NeurIPS_Code2Inv,benchmarks/LIA/2018.NeurIPS_Code2Inv/103_conf5.sl,17,11-20,NeuralInvariantRanker (Chakraborty et al.) -- verified positive invariant
107.c.sl,SaswatPadhi/LoopInvGen,https://github.com/SaswatPadhi/LoopInvGen,benchmarks/LIA/2018.NeurIPS_Code2Inv,benchmarks/LIA/2018.NeurIPS_Code2Inv/107.c.sl,15,11-20,SaswatPadhi/LoopInvGen (benchmarks/LIA/2018.NeurIPS_Code2Inv)
107_conf1.sl,SaswatPadhi/LoopInvGen,https://github.com/SaswatPadhi/LoopInvGen,benchmarks/LIA/2018.NeurIPS_Code2Inv,benchmarks/LIA/2018.NeurIPS_Code2Inv/107_conf1.sl,21,21-50,SaswatPadhi/LoopInvGen (benchmarks/LIA/2018.NeurIPS_Code2Inv)
107_conf5.sl,SaswatPadhi/LoopInvGen,https://github.com/SaswatPadhi/LoopInvGen,benchmarks/LIA/2018.NeurIPS_Code2Inv,benchmarks/LIA/2018.NeurIPS_Code2Inv/107_conf5.sl,30,21-50,SaswatPadhi/LoopInvGen (benchmarks/LIA/2018.NeurIPS_Code2Inv)
108.c.sl,SaswatPadhi/LoopInvGen,https://github.com/SaswatPadhi/LoopInvGen,benchmarks/LIA/2018.NeurIPS_Code2Inv,benchmarks/LIA/2018.NeurIPS_Code2Inv/108.c.sl,17,11-20,SaswatPadhi/LoopInvGen (benchmarks/LIA/2018.NeurIPS_Code2Inv)
108_conf1.sl,SaswatPadhi/LoopInvGen,https://github.com/SaswatPadhi/LoopInvGen,benchmarks/LIA/2018.NeurIPS_Code2Inv,benchmarks/LIA/2018.NeurIPS_Code2Inv/108_conf1.sl,23,21-50,SaswatPadhi/LoopInvGen (benchmarks/LIA/2018.NeurIPS_Code2Inv)
108_conf5.sl,SaswatPadhi/LoopInvGen,https://github.com/SaswatPadhi/LoopInvGen,benchmarks/LIA/2018.NeurIPS_Code2Inv,benchmarks/LIA/2018.NeurIPS_Code2Inv/108_conf5.sl,32,21-50,SaswatPadhi/LoopInvGen (benchmarks/LIA/2018.NeurIPS_Code2Inv)
109_conf1.sl,SaswatPadhi/LoopInvGen,https://github.com/SaswatPadhi/LoopInvGen,benchmarks/LIA/2018.NeurIPS_Code2Inv,benchmarks/LIA/2018.NeurIPS_Code2Inv/109_conf1.sl,23,21-50,SaswatPadhi/LoopInvGen (benchmarks/LIA/2018.NeurIPS_Code2Inv)
10_conf1.sl,SaswatPadhi/LoopInvGen,https://github.com/SaswatPadhi/LoopInvGen,benchmarks/LIA/2018.NeurIPS_Code2Inv,benchmarks/LIA/2018.NeurIPS_Code2Inv/10_conf1.sl,14,11-20,NeuralInvariantRanker (Chakraborty et al.) -- verified positive invariant
10_conf5.sl,SaswatPadhi/LoopInvGen,https://github.com/SaswatPadhi/LoopInvGen,benchmarks/LIA/2018.NeurIPS_Code2Inv,benchmarks/LIA/2018.NeurIPS_Code2Inv/10_conf5.sl,23,21-50,NeuralInvariantRanker (Chakraborty et al.) -- verified positive invariant
11.c.sl,SaswatPadhi/LoopInvGen,https://github.com/SaswatPadhi/LoopInvGen,benchmarks/LIA/2018.NeurIPS_Code2Inv,benchmarks/LIA/2018.NeurIPS_Code2Inv/11.c.sl,9,6-10,SaswatPadhi/LoopInvGen (benchmarks/LIA/2018.NeurIPS_Code2Inv)
110.c.sl,SaswatPadhi/LoopInvGen,https://github.com/SaswatPadhi/LoopInvGen,benchmarks/LIA/2018.NeurIPS_Code2Inv,benchmarks/LIA/2018.NeurIPS_Code2Inv/110.c.sl,12,11-20,NeuralInvariantRanker (Chakraborty et al.) -- verified positive invariant
110_conf1.sl,SaswatPadhi/LoopInvGen,https://github.com/SaswatPadhi/LoopInvGen,benchmarks/LIA/2018.NeurIPS_Code2Inv,benchmarks/LIA/2018.NeurIPS_Code2Inv/110_conf1.sl,17,11-20,NeuralInvariantRanker (Chakraborty et al.) -- verified positive invariant
111.c.sl,SaswatPadhi/LoopInvGen,https://github.com/SaswatPadhi/LoopInvGen,benchmarks/LIA/2018.NeurIPS_Code2Inv,benchmarks/LIA/2018.NeurIPS_Code2Inv/111.c.sl,12,11-20,NeuralInvariantRanker (Chakraborty et al.) -- verified positive invariant
111_conf1.sl,SaswatPadhi/LoopInvGen,https://github.com/SaswatPadhi/LoopInvGen,benchmarks/LIA/2018.NeurIPS_Code2Inv,benchmarks/LIA/2018.NeurIPS_Code2Inv/111_conf1.sl,17,11-20,NeuralInvariantRanker (Chakraborty et al.) -- verified positive invariant
114.c.sl,SaswatPadhi/LoopInvGen,https://github.com/SaswatPadhi/LoopInvGen,benchmarks/LIA/2018.NeurIPS_Code2Inv,benchmarks/LIA/2018.NeurIPS_Code2Inv/114.c.sl,11,11-20,SaswatPadhi/LoopInvGen (benchmarks/LIA/2018.NeurIPS_Code2Inv)
114_conf1.sl,SaswatPadhi/LoopInvGen,https://github.com/SaswatPadhi/LoopInvGen,benchmarks/LIA/2018.NeurIPS_Code2Inv,benchmarks/LIA/2018.NeurIPS_Code2Inv/114_conf1.sl,16,11-20,NeuralInvariantRanker (Chakraborty et al.) -- verified positive invariant
114_conf5.sl,SaswatPadhi/LoopInvGen,https://github.com/SaswatPadhi/LoopInvGen,benchmarks/LIA/2018.NeurIPS_Code2Inv,benchmarks/LIA/2018.NeurIPS_Code2Inv/114_conf5.sl,25,21-50,NeuralInvariantRanker (Chakraborty et al.) -- verified positive invariant
115.c.sl,SaswatPadhi/LoopInvGen,https://github.com/SaswatPadhi/LoopInvGen,benchmarks/LIA/2018.NeurIPS_Code2Inv,benchmarks/LIA/2018.NeurIPS_Code2Inv/115.c.sl,11,11-20,SaswatPadhi/LoopInvGen (benchmarks/LIA/2018.NeurIPS_Code2Inv)
115_conf1.sl,SaswatPadhi/LoopInvGen,https://github.com/SaswatPadhi/LoopInvGen,benchmarks/LIA/2018.NeurIPS_Code2Inv,benchmarks/LIA/2018.NeurIPS_Code2Inv/115_conf1.sl,16,11-20,SaswatPadhi/LoopInvGen (benchmarks/LIA/2018.NeurIPS_Code2Inv)
115_conf5.sl,SaswatPadhi/LoopInvGen,https://github.com/SaswatPadhi/LoopInvGen,benchmarks/LIA/2018.NeurIPS_Code2Inv,benchmarks/LIA/2018.NeurIPS_Code2Inv/115_conf5.sl,25,21-50,NeuralInvariantRanker (Chakraborty et al.) -- verified positive invariant
118.c.sl,SaswatPadhi/LoopInvGen,https://github.com/SaswatPadhi/LoopInvGen,benchmarks/LIA/2018.NeurIPS_Code2Inv,benchmarks/LIA/2018.NeurIPS_Code2Inv/118.c.sl,12,11-20,SaswatPadhi/LoopInvGen (benchmarks/LIA/2018.NeurIPS_Code2Inv)
118_conf1.sl,SaswatPadhi/LoopInvGen,https://github.com/SaswatPadhi/LoopInvGen,benchmarks/LIA/2018.NeurIPS_Code2Inv,benchmarks/LIA/2018.NeurIPS_Code2Inv/118_conf1.sl,17,11-20,NeuralInvariantRanker (Chakraborty et al.) -- verified positive invariant
119.c.sl,SaswatPadhi/LoopInvGen,https://github.com/SaswatPadhi/LoopInvGen,benchmarks/LIA/2018.NeurIPS_Code2Inv,benchmarks/LIA/2018.NeurIPS_Code2Inv/119.c.sl,12,11-20,NeuralInvariantRanker (Chakraborty et al.) -- verified positive invariant
119_conf1.sl,SaswatPadhi/LoopInvGen,https://github.com/SaswatPadhi/LoopInvGen,benchmarks/LIA/2018.NeurIPS_Code2Inv,benchmarks/LIA/2018.NeurIPS_Code2Inv/119_conf1.sl,17,11-20,NeuralInvariantRanker (Chakraborty et al.) -- verified positive invariant
11_conf1.sl,SaswatPadhi/LoopInvGen,https://github.com/SaswatPadhi/LoopInvGen,benchmarks/LIA/2018.NeurIPS_Code2Inv,benchmarks/LIA/2018.NeurIPS_Code2Inv/11_conf1.sl,14,11-20,NeuralInvariantRanker (Chakraborty et al.) -- verified positive invariant
11_conf5.sl,SaswatPadhi/LoopInvGen,https://github.com/SaswatPadhi/LoopInvGen,benchmarks/LIA/2018.NeurIPS_Code2Inv,benchmarks/LIA/2018.NeurIPS_Code2Inv/11_conf5.sl,23,21-50,SaswatPadhi/LoopInvGen (benchmarks/LIA/2018.NeurIPS_Code2Inv)
12.c.sl,SaswatPadhi/LoopInvGen,https://github.com/SaswatPadhi/LoopInvGen,benchmarks/LIA/2018.NeurIPS_Code2Inv,benchmarks/LIA/2018.NeurIPS_Code2Inv/12.c.sl,9,6-10,SaswatPadhi/LoopInvGen (benchmarks/LIA/2018.NeurIPS_Code2Inv)
120.c.sl,SaswatPadhi/LoopInvGen,https://github.com/SaswatPadhi/LoopInvGen,benchmarks/LIA/2018.NeurIPS_Code2Inv,benchmarks/LIA/2018.NeurIPS_Code2Inv/120.c.sl,10,6-10,SaswatPadhi/LoopInvGen (benchmarks/LIA/2018.NeurIPS_Code2Inv)
120_conf1.sl,SaswatPadhi/LoopInvGen,https://github.com/SaswatPadhi/LoopInvGen,benchmarks/LIA/2018.NeurIPS_Code2Inv,benchmarks/LIA/2018.NeurIPS_Code2Inv/120_conf1.sl,15,11-20,NeuralInvariantRanker (Chakraborty et al.) -- verified positive invariant
120_conf5.sl,SaswatPadhi/LoopInvGen,https://github.com/SaswatPadhi/LoopInvGen,benchmarks/LIA/2018.NeurIPS_Code2Inv,benchmarks/LIA/2018.NeurIPS_Code2Inv/120_conf5.sl,24,21-50,NeuralInvariantRanker (Chakraborty et al.) -- verified positive invariant
121.c.sl,SaswatPadhi/LoopInvGen,https://github.com/SaswatPadhi/LoopInvGen,benchmarks/LIA/2018.NeurIPS_Code2Inv,benchmarks/LIA/2018.NeurIPS_Code2Inv/121.c.sl,10,6-10,SaswatPadhi/LoopInvGen (benchmarks/LIA/2018.NeurIPS_Code2Inv)
121_conf1.sl,SaswatPadhi/LoopInvGen,https://github.com/SaswatPadhi/LoopInvGen,benchmarks/LIA/2018.NeurIPS_Code2Inv,benchmarks/LIA/2018.NeurIPS_Code2Inv/121_conf1.sl,15,11-20,NeuralInvariantRanker (Chakraborty et al.) -- verified positive invariant
121_conf5.sl,SaswatPadhi/LoopInvGen,https://github.com/SaswatPadhi/LoopInvGen,benchmarks/LIA/2018.NeurIPS_Code2Inv,benchmarks/LIA/2018.NeurIPS_Code2Inv/121_conf5.sl,24,21-50,NeuralInvariantRanker (Chakraborty et al.) -- verified positive invariant
124.c.sl,SaswatPadhi/LoopInvGen,https://github.com/SaswatPadhi/LoopInvGen,benchmarks/LIA/2018.NeurIPS_Code2Inv,benchmarks/LIA/2018.NeurIPS_Code2Inv/124.c.sl,14,11-20,SaswatPadhi/LoopInvGen (benchmarks/LIA/2018.NeurIPS_Code2Inv)
124_conf1.sl,SaswatPadhi/LoopInvGen,https://github.com/SaswatPadhi/LoopInvGen,benchmarks/LIA/2018.NeurIPS_Code2Inv,benchmarks/LIA/2018.NeurIPS_Code2Inv/124_conf1.sl,19,11-20,NeuralInvariantRanker (Chakraborty et al.) -- verified positive invariant
124_conf5.sl,SaswatPadhi/LoopInvGen,https://github.com/SaswatPadhi/LoopInvGen,benchmarks/LIA/2018.NeurIPS_Code2Inv,benchmarks/LIA/2018.NeurIPS_Code2Inv/124_conf5.sl,28,21-50,NeuralInvariantRanker (Chakraborty et al.) -- verified positive invariant
125.c.sl,SaswatPadhi/LoopInvGen,https://github.com/SaswatPadhi/LoopInvGen,benchmarks/LIA/2018.NeurIPS_Code2Inv,benchmarks/LIA/2018.NeurIPS_Code2Inv/125.c.sl,14,11-20,SaswatPadhi/LoopInvGen (benchmarks/LIA/2018.NeurIPS_Code2Inv)
125_conf1.sl,SaswatPadhi/LoopInvGen,https://github.com/SaswatPadhi/LoopInvGen,benchmarks/LIA/2018.NeurIPS_Code2Inv,benchmarks/LIA/2018.NeurIPS_Code2Inv/125_conf1.sl,19,11-20,NeuralInvariantRanker (Chakraborty et al.) -- verified positive invariant
125_conf5.sl,SaswatPadhi/LoopInvGen,https://github.com/SaswatPadhi/LoopInvGen,benchmarks/LIA/2018.NeurIPS_Code2Inv,benchmarks/LIA/2018.NeurIPS_Code2Inv/125_conf5.sl,28,21-50,NeuralInvariantRanker (Chakraborty et al.) -- verified positive invariant
128.c.sl,SaswatPadhi/LoopInvGen,https://github.com/SaswatPadhi/LoopInvGen,benchmarks/LIA/2018.NeurIPS_Code2Inv,benchmarks/LIA/2018.NeurIPS_Code2Inv/128.c.sl,7,6-10,SaswatPadhi/LoopInvGen (benchmarks/LIA/2018.NeurIPS_Code2Inv)
128_conf1.sl,SaswatPadhi/LoopInvGen,https://github.com/SaswatPadhi/LoopInvGen,benchmarks/LIA/2018.NeurIPS_Code2Inv,benchmarks/LIA/2018.NeurIPS_Code2Inv/128_conf1.sl,11,11-20,NeuralInvariantRanker (Chakraborty et al.) -- verified positive invariant
128_conf5.sl,SaswatPadhi/LoopInvGen,https://github.com/SaswatPadhi/LoopInvGen,benchmarks/LIA/2018.NeurIPS_Code2Inv,benchmarks/LIA/2018.NeurIPS_Code2Inv/128_conf5.sl,19,11-20,NeuralInvariantRanker (Chakraborty et al.) -- verified positive invariant
12_conf1.sl,SaswatPadhi/LoopInvGen,https://github.com/SaswatPadhi/LoopInvGen,benchmarks/LIA/2018.NeurIPS_Code2Inv,benchmarks/LIA/2018.NeurIPS_Code2Inv/12_conf1.sl,14,11-20,NeuralInvariantRanker (Chakraborty et al.) -- verified positive invariant
12_conf5.sl,SaswatPadhi/LoopInvGen,https://github.com/SaswatPadhi/LoopInvGen,benchmarks/LIA/2018.NeurIPS_Code2Inv,benchmarks/LIA/2018.NeurIPS_Code2Inv/12_conf5.sl,23,21-50,NeuralInvariantRanker (Chakraborty et al.) -- verified positive invariant
13.c.sl,SaswatPadhi/LoopInvGen,https://github.com/SaswatPadhi/LoopInvGen,benchmarks/LIA/2018.NeurIPS_Code2Inv,benchmarks/LIA/2018.NeurIPS_Code2Inv/13.c.sl,9,6-10,SaswatPadhi/LoopInvGen (benchmarks/LIA/2018.NeurIPS_Code2Inv)
130_conf5.sl,SaswatPadhi/LoopInvGen,https://github.com/SaswatPadhi/LoopInvGen,benchmarks/LIA/2018.NeurIPS_Code2Inv,benchmarks/LIA/2018.NeurIPS_Code2Inv/130_conf5.sl,44,21-50,NeuralInvariantRanker (Chakraborty et al.) -- verified positive invariant
131_conf1.sl,SaswatPadhi/LoopInvGen,https://github.com/SaswatPadhi/LoopInvGen,benchmarks/LIA/2018.NeurIPS_Code2Inv,benchmarks/LIA/2018.NeurIPS_Code2Inv/131_conf1.sl,32,21-50,NeuralInvariantRanker (Chakraborty et al.) -- verified positive invariant
131_conf5.sl,SaswatPadhi/LoopInvGen,https://github.com/SaswatPadhi/LoopInvGen,benchmarks/LIA/2018.NeurIPS_Code2Inv,benchmarks/LIA/2018.NeurIPS_Code2Inv/131_conf5.sl,44,21-50,NeuralInvariantRanker (Chakraborty et al.) -- verified positive invariant
132.c.sl,SaswatPadhi/LoopInvGen,https://github.com/SaswatPadhi/LoopInvGen,benchmarks/LIA/2018.NeurIPS_Code2Inv,benchmarks/LIA/2018.NeurIPS_Code2Inv/132.c.sl,18,11-20,NeuralInvariantRanker (Chakraborty et al.) -- verified positive invariant
132_conf1.sl,SaswatPadhi/LoopInvGen,https://github.com/SaswatPadhi/LoopInvGen,benchmarks/LIA/2018.NeurIPS_Code2Inv,benchmarks/LIA/2018.NeurIPS_Code2Inv/132_conf1.sl,26,21-50,NeuralInvariantRanker (Chakraborty et al.) -- verified positive invariant
132_conf5.sl,SaswatPadhi/LoopInvGen,https://github.com/SaswatPadhi/LoopInvGen,benchmarks/LIA/2018.NeurIPS_Code2Inv,benchmarks/LIA/2018.NeurIPS_Code2Inv/132_conf5.sl,38,21-50,NeuralInvariantRanker (Chakraborty et al.) -- verified positive invariant
133.c.sl,SaswatPadhi/LoopInvGen,https://github.com/SaswatPadhi/LoopInvGen,benchmarks/LIA/2018.NeurIPS_Code2Inv,benchmarks/LIA/2018.NeurIPS_Code2Inv/133.c.sl,7,6-10,NeuralInvariantRanker (Chakraborty et al.) -- verified positive invariant
133_conf1.sl,SaswatPadhi/LoopInvGen,https://github.com/SaswatPadhi/LoopInvGen,benchmarks/LIA/2018.NeurIPS_Code2Inv,benchmarks/LIA/2018.NeurIPS_Code2Inv/133_conf1.sl,11,11-20,NeuralInvariantRanker (Chakraborty et al.) -- verified positive invariant
133_conf5.sl,SaswatPadhi/LoopInvGen,https://github.com/SaswatPadhi/LoopInvGen,benchmarks/LIA/2018.NeurIPS_Code2Inv,benchmarks/LIA/2018.NeurIPS_Code2Inv/133_conf5.sl,19,11-20,NeuralInvariantRanker (Chakraborty et al.) -- verified positive invariant
13_conf1.sl,SaswatPadhi/LoopInvGen,https://github.com/SaswatPadhi/LoopInvGen,benchmarks/LIA/2018.NeurIPS_Code2Inv,benchmarks/LIA/2018.NeurIPS_Code2Inv/13_conf1.sl,14,11-20,NeuralInvariantRanker (Chakraborty et al.) -- verified positive invariant
13_conf5.sl,SaswatPadhi/LoopInvGen,https://github.com/SaswatPadhi/LoopInvGen,benchmarks/LIA/2018.NeurIPS_Code2Inv,benchmarks/LIA/2018.NeurIPS_Code2Inv/13_conf5.sl,22,21-50,NeuralInvariantRanker (Chakraborty et al.) -- verified positive invariant
15.c.sl,SaswatPadhi/LoopInvGen,https://github.com/SaswatPadhi/LoopInvGen,benchmarks/LIA/2018.NeurIPS_Code2Inv,benchmarks/LIA/2018.NeurIPS_Code2Inv/15.c.sl,12,11-20,SaswatPadhi/LoopInvGen (benchmarks/LIA/2018.NeurIPS_Code2Inv)
16.c.sl,SaswatPadhi/LoopInvGen,https://github.com/SaswatPadhi/LoopInvGen,benchmarks/LIA/2018.NeurIPS_Code2Inv,benchmarks/LIA/2018.NeurIPS_Code2Inv/16.c.sl,12,11-20,SaswatPadhi/LoopInvGen (benchmarks/LIA/2018.NeurIPS_Code2Inv)
16_conf1.sl,SaswatPadhi/LoopInvGen,https://github.com/SaswatPadhi/LoopInvGen,benchmarks/LIA/2018.NeurIPS_Code2Inv,benchmarks/LIA/2018.NeurIPS_Code2Inv/16_conf1.sl,20,11-20,SaswatPadhi/LoopInvGen (benchmarks/LIA/2018.NeurIPS_Code2Inv)
16_conf5.sl,SaswatPadhi/LoopInvGen,https://github.com/SaswatPadhi/LoopInvGen,benchmarks/LIA/2018.NeurIPS_Code2Inv,benchmarks/LIA/2018.NeurIPS_Code2Inv/16_conf5.sl,29,21-50,SaswatPadhi/LoopInvGen (benchmarks/LIA/2018.NeurIPS_Code2Inv)
17.c.sl,SaswatPadhi/LoopInvGen,https://github.com/SaswatPadhi/LoopInvGen,benchmarks/LIA/2018.NeurIPS_Code2Inv,benchmarks/LIA/2018.NeurIPS_Code2Inv/17.c.sl,12,11-20,SaswatPadhi/LoopInvGen (benchmarks/LIA/2018.NeurIPS_Code2Inv)
17_conf1.sl,SaswatPadhi/LoopInvGen,https://github.com/SaswatPadhi/LoopInvGen,benchmarks/LIA/2018.NeurIPS_Code2Inv,benchmarks/LIA/2018.NeurIPS_Code2Inv/17_conf1.sl,20,11-20,NeuralInvariantRanker (Chakraborty et al.) -- verified positive invariant
17_conf5.sl,SaswatPadhi/LoopInvGen,https://github.com/SaswatPadhi/LoopInvGen,benchmarks/LIA/2018.NeurIPS_Code2Inv,benchmarks/LIA/2018.NeurIPS_Code2Inv/17_conf5.sl,29,21-50,SaswatPadhi/LoopInvGen (benchmarks/LIA/2018.NeurIPS_Code2Inv)
18.c.sl,SaswatPadhi/LoopInvGen,https://github.com/SaswatPadhi/LoopInvGen,benchmarks/LIA/2018.NeurIPS_Code2Inv,benchmarks/LIA/2018.NeurIPS_Code2Inv/18.c.sl,12,11-20,SaswatPadhi/LoopInvGen (benchmarks/LIA/2018.NeurIPS_Code2Inv)
18_conf1.sl,SaswatPadhi/LoopInvGen,https://github.com/SaswatPadhi/LoopInvGen,benchmarks/LIA/2018.NeurIPS_Code2Inv,benchmarks/LIA/2018.NeurIPS_Code2Inv/18_conf1.sl,20,11-20,SaswatPadhi/LoopInvGen (benchmarks/LIA/2018.NeurIPS_Code2Inv)
2.c.sl,SaswatPadhi/LoopInvGen,https://github.com/SaswatPadhi/LoopInvGen,benchmarks/LIA/2018.NeurIPS_Code2Inv,benchmarks/LIA/2018.NeurIPS_Code2Inv/2.c.sl,10,6-10,NeuralInvariantRanker (Chakraborty et al.) -- verified positive invariant
24_conf5.sl,SaswatPadhi/LoopInvGen,https://github.com/SaswatPadhi/LoopInvGen,benchmarks/LIA/2018.NeurIPS_Code2Inv,benchmarks/LIA/2018.NeurIPS_Code2Inv/24_conf5.sl,24,21-50,NeuralInvariantRanker (Chakraborty et al.) -- verified positive invariant
25.c.sl,SaswatPadhi/LoopInvGen,https://github.com/SaswatPadhi/LoopInvGen,benchmarks/LIA/2018.NeurIPS_Code2Inv,benchmarks/LIA/2018.NeurIPS_Code2Inv/25.c.sl,5,3-5,SaswatPadhi/LoopInvGen (benchmarks/LIA/2018.NeurIPS_Code2Inv)
25_conf1.sl,SaswatPadhi/LoopInvGen,https://github.com/SaswatPadhi/LoopInvGen,benchmarks/LIA/2018.NeurIPS_Code2Inv,benchmarks/LIA/2018.NeurIPS_Code2Inv/25_conf1.sl,9,6-10,NeuralInvariantRanker (Chakraborty et al.) -- verified positive invariant
25_conf5.sl,SaswatPadhi/LoopInvGen,https://github.com/SaswatPadhi/LoopInvGen,benchmarks/LIA/2018.NeurIPS_Code2Inv,benchmarks/LIA/2018.NeurIPS_Code2Inv/25_conf5.sl,17,11-20,SaswatPadhi/LoopInvGen (benchmarks/LIA/2018.NeurIPS_Code2Inv)
26.c.sl,SaswatPadhi/LoopInvGen,https://github.com/SaswatPadhi/LoopInvGen,benchmarks/LIA/2018.NeurIPS_Code2Inv,benchmarks/LIA/2018.NeurIPS_Code2Inv/26.c.sl,7,6-10,NeuralInvariantRanker (Chakraborty et al.) -- verified positive invariant
26_conf1.sl,SaswatPadhi/LoopInvGen,https://github.com/SaswatPadhi/LoopInvGen,benchmarks/LIA/2018.NeurIPS_Code2Inv,benchmarks/LIA/2018.NeurIPS_Code2Inv/26_conf1.sl,11,11-20,NeuralInvariantRanker (Chakraborty et al.) -- verified positive invariant
26_conf5.sl,SaswatPadhi/LoopInvGen,https://github.com/SaswatPadhi/LoopInvGen,benchmarks/LIA/2018.NeurIPS_Code2Inv,benchmarks/LIA/2018.NeurIPS_Code2Inv/26_conf5.sl,19,11-20,NeuralInvariantRanker (Chakraborty et al.) -- verified positive invariant
27.c.sl,SaswatPadhi/LoopInvGen,https://github.com/SaswatPadhi/LoopInvGen,benchmarks/LIA/2018.NeurIPS_Code2Inv,benchmarks/LIA/2018.NeurIPS_Code2Inv/27.c.sl,7,6-10,NeuralInvariantRanker (Chakraborty et al.) -- verified positive invariant
27_conf1.sl,SaswatPadhi/LoopInvGen,https://github.com/SaswatPadhi/LoopInvGen,benchmarks/LIA/2018.NeurIPS_Code2Inv,benchmarks/LIA/2018.NeurIPS_Code2Inv/27_conf1.sl,11,11-20,NeuralInvariantRanker (Chakraborty et al.) -- verified positive invariant
27_conf5.sl,SaswatPadhi/LoopInvGen,https://github.com/SaswatPadhi/LoopInvGen,benchmarks/LIA/2018.NeurIPS_Code2Inv,benchmarks/LIA/2018.NeurIPS_Code2Inv/27_conf5.sl,19,11-20,NeuralInvariantRanker (Chakraborty et al.) -- verified positive invariant
28.c.sl,SaswatPadhi/LoopInvGen,https://github.com/SaswatPadhi/LoopInvGen,benchmarks/LIA/2018.NeurIPS_Code2Inv,benchmarks/LIA/2018.NeurIPS_Code2Inv/28.c.sl,7,6-10,SaswatPadhi/LoopInvGen (benchmarks/LIA/2018.NeurIPS_Code2Inv)
28_conf1.sl,SaswatPadhi/LoopInvGen,https://github.com/SaswatPadhi/LoopInvGen,benchmarks/LIA/2018.NeurIPS_Code2Inv,benchmarks/LIA/2018.NeurIPS_Code2Inv/28_conf1.sl,11,11-20,SaswatPadhi/LoopInvGen (benchmarks/LIA/2018.NeurIPS_Code2Inv)
28_conf5.sl,SaswatPadhi/LoopInvGen,https://github.com/SaswatPadhi/LoopInvGen,benchmarks/LIA/2018.NeurIPS_Code2Inv,benchmarks/LIA/2018.NeurIPS_Code2Inv/28_conf5.sl,19,11-20,NeuralInvariantRanker (Chakraborty et al.) -- verified positive invariant
29.c.sl,SaswatPadhi/LoopInvGen,https://github.com/SaswatPadhi/LoopInvGen,benchmarks/LIA/2018.NeurIPS_Code2Inv,benchmarks/LIA/2018.NeurIPS_Code2Inv/29.c.sl,7,6-10,SaswatPadhi/LoopInvGen (benchmarks/LIA/2018.NeurIPS_Code2Inv)
29_conf1.sl,SaswatPadhi/LoopInvGen,https://github.com/SaswatPadhi/LoopInvGen,benchmarks/LIA/2018.NeurIPS_Code2Inv,benchmarks/LIA/2018.NeurIPS_Code2Inv/29_conf1.sl,11,11-20,SaswatPadhi/LoopInvGen (benchmarks/LIA/2018.NeurIPS_Code2Inv)
29_conf5.sl,SaswatPadhi/LoopInvGen,https://github.com/SaswatPadhi/LoopInvGen,benchmarks/LIA/2018.NeurIPS_Code2Inv,benchmarks/LIA/2018.NeurIPS_Code2Inv/29_conf5.sl,19,11-20,SaswatPadhi/LoopInvGen (benchmarks/LIA/2018.NeurIPS_Code2Inv)
3.c.sl,SaswatPadhi/LoopInvGen,https://github.com/SaswatPadhi/LoopInvGen,benchmarks/LIA/2018.NeurIPS_Code2Inv,benchmarks/LIA/2018.NeurIPS_Code2Inv/3.c.sl,11,11-20,SaswatPadhi/LoopInvGen (benchmarks/LIA/2018.NeurIPS_Code2Inv)
30.c.sl,SaswatPadhi/LoopInvGen,https://github.com/SaswatPadhi/LoopInvGen,benchmarks/LIA/2018.NeurIPS_Code2Inv,benchmarks/LIA/2018.NeurIPS_Code2Inv/30.c.sl,5,3-5,NeuralInvariantRanker (Chakraborty et al.) -- verified positive invariant
30_conf1.sl,SaswatPadhi/LoopInvGen,https://github.com/SaswatPadhi/LoopInvGen,benchmarks/LIA/2018.NeurIPS_Code2Inv,benchmarks/LIA/2018.NeurIPS_Code2Inv/30_conf1.sl,9,6-10,NeuralInvariantRanker (Chakraborty et al.) -- verified positive invariant
30_conf5.sl,SaswatPadhi/LoopInvGen,https://github.com/SaswatPadhi/LoopInvGen,benchmarks/LIA/2018.NeurIPS_Code2Inv,benchmarks/LIA/2018.NeurIPS_Code2Inv/30_conf5.sl,17,11-20,SaswatPadhi/LoopInvGen (benchmarks/LIA/2018.NeurIPS_Code2Inv)
35.c.sl,SaswatPadhi/LoopInvGen,https://github.com/SaswatPadhi/LoopInvGen,benchmarks/LIA/2018.NeurIPS_Code2Inv,benchmarks/LIA/2018.NeurIPS_Code2Inv/35.c.sl,8,6-10,NeuralInvariantRanker (Chakraborty et al.) -- verified positive invariant
35_conf1.sl,SaswatPadhi/LoopInvGen,https://github.com/SaswatPadhi/LoopInvGen,benchmarks/LIA/2018.NeurIPS_Code2Inv,benchmarks/LIA/2018.NeurIPS_Code2Inv/35_conf1.sl,14,11-20,NeuralInvariantRanker (Chakraborty et al.) -- verified positive invariant
35_conf5.sl,SaswatPadhi/LoopInvGen,https://github.com/SaswatPadhi/LoopInvGen,benchmarks/LIA/2018.NeurIPS_Code2Inv,benchmarks/LIA/2018.NeurIPS_Code2Inv/35_conf5.sl,24,21-50,NeuralInvariantRanker (Chakraborty et al.) -- verified positive invariant
36.c.sl,SaswatPadhi/LoopInvGen,https://github.com/SaswatPadhi/LoopInvGen,benchmarks/LIA/2018.NeurIPS_Code2Inv,benchmarks/LIA/2018.NeurIPS_Code2Inv/36.c.sl,8,6-10,NeuralInvariantRanker (Chakraborty et al.) -- verified positive invariant
36_conf1.sl,SaswatPadhi/LoopInvGen,https://github.com/SaswatPadhi/LoopInvGen,benchmarks/LIA/2018.NeurIPS_Code2Inv,benchmarks/LIA/2018.NeurIPS_Code2Inv/36_conf1.sl,14,11-20,NeuralInvariantRanker (Chakraborty et al.) -- verified positive invariant
36_conf5.sl,SaswatPadhi/LoopInvGen,https://github.com/SaswatPadhi/LoopInvGen,benchmarks/LIA/2018.NeurIPS_Code2Inv,benchmarks/LIA/2018.NeurIPS_Code2Inv/36_conf5.sl,24,21-50,NeuralInvariantRanker (Chakraborty et al.) -- verified positive invariant
37.c.sl,SaswatPadhi/LoopInvGen,https://github.com/SaswatPadhi/LoopInvGen,benchmarks/LIA/2018.NeurIPS_Code2Inv,benchmarks/LIA/2018.NeurIPS_Code2Inv/37.c.sl,8,6-10,NeuralInvariantRanker (Chakraborty et al.) -- verified positive invariant
37_conf1.sl,SaswatPadhi/LoopInvGen,https://github.com/SaswatPadhi/LoopInvGen,benchmarks/LIA/2018.NeurIPS_Code2Inv,benchmarks/LIA/2018.NeurIPS_Code2Inv/37_conf1.sl,14,11-20,NeuralInvariantRanker (Chakraborty et al.) -- verified positive invariant
37_conf5.sl,SaswatPadhi/LoopInvGen,https://github.com/SaswatPadhi/LoopInvGen,benchmarks/LIA/2018.NeurIPS_Code2Inv,benchmarks/LIA/2018.NeurIPS_Code2Inv/37_conf5.sl,24,21-50,NeuralInvariantRanker (Chakraborty et al.) -- verified positive invariant
38.c.sl,SaswatPadhi/LoopInvGen,https://github.com/SaswatPadhi/LoopInvGen,benchmarks/LIA/2018.NeurIPS_Code2Inv,benchmarks/LIA/2018.NeurIPS_Code2Inv/38.c.sl,9,6-10,SaswatPadhi/LoopInvGen (benchmarks/LIA/2018.NeurIPS_Code2Inv)
38_conf1.sl,SaswatPadhi/LoopInvGen,https://github.com/SaswatPadhi/LoopInvGen,benchmarks/LIA/2018.NeurIPS_Code2Inv,benchmarks/LIA/2018.NeurIPS_Code2Inv/38_conf1.sl,16,11-20,NeuralInvariantRanker (Chakraborty et al.) -- verified positive invariant
38_conf5.sl,SaswatPadhi/LoopInvGen,https://github.com/SaswatPadhi/LoopInvGen,benchmarks/LIA/2018.NeurIPS_Code2Inv,benchmarks/LIA/2018.NeurIPS_Code2Inv/38_conf5.sl,26,21-50,SaswatPadhi/LoopInvGen (benchmarks/LIA/2018.NeurIPS_Code2Inv)
39.c.sl,SaswatPadhi/LoopInvGen,https://github.com/SaswatPadhi/LoopInvGen,benchmarks/LIA/2018.NeurIPS_Code2Inv,benchmarks/LIA/2018.NeurIPS_Code2Inv/39.c.sl,9,6-10,SaswatPadhi/LoopInvGen (benchmarks/LIA/2018.NeurIPS_Code2Inv)
39_conf1.sl,SaswatPadhi/LoopInvGen,https://github.com/SaswatPadhi/LoopInvGen,benchmarks/LIA/2018.NeurIPS_Code2Inv,benchmarks/LIA/2018.NeurIPS_Code2Inv/39_conf1.sl,16,11-20,NeuralInvariantRanker (Chakraborty et al.) -- verified positive invariant
39_conf5.sl,SaswatPadhi/LoopInvGen,https://github.com/SaswatPadhi/LoopInvGen,benchmarks/LIA/2018.NeurIPS_Code2Inv,benchmarks/LIA/2018.NeurIPS_Code2Inv/39_conf5.sl,26,21-50,NeuralInvariantRanker (Chakraborty et al.) -- verified positive invariant
3_conf1.sl,SaswatPadhi/LoopInvGen,https://github.com/SaswatPadhi/LoopInvGen,benchmarks/LIA/2018.NeurIPS_Code2Inv,benchmarks/LIA/2018.NeurIPS_Code2Inv/3_conf1.sl,18,11-20,SaswatPadhi/LoopInvGen (benchmarks/LIA/2018.NeurIPS_Code2Inv)
3_conf5.sl,SaswatPadhi/LoopInvGen,https://github.com/SaswatPadhi/LoopInvGen,benchmarks/LIA/2018.NeurIPS_Code2Inv,benchmarks/LIA/2018.NeurIPS_Code2Inv/3_conf5.sl,27,21-50,NeuralInvariantRanker (Chakraborty et al.) -- verified positive invariant
4.c.sl,SaswatPadhi/LoopInvGen,https://github.com/SaswatPadhi/LoopInvGen,benchmarks/LIA/2018.NeurIPS_Code2Inv,benchmarks/LIA/2018.NeurIPS_Code2Inv/4.c.sl,11,11-20,NeuralInvariantRanker (Chakraborty et al.) -- verified positive invariant
40.c.sl,SaswatPadhi/LoopInvGen,https://github.com/SaswatPadhi/LoopInvGen,benchmarks/LIA/2018.NeurIPS_Code2Inv,benchmarks/LIA/2018.NeurIPS_Code2Inv/40.c.sl,10,6-10,NeuralInvariantRanker (Chakraborty et al.) -- verified positive invariant
40_conf1.sl,SaswatPadhi/LoopInvGen,https://github.com/SaswatPadhi/LoopInvGen,benchmarks/LIA/2018.NeurIPS_Code2Inv,benchmarks/LIA/2018.NeurIPS_Code2Inv/40_conf1.sl,16,11-20,NeuralInvariantRanker (Chakraborty et al.) -- verified positive invariant
40_conf5.sl,SaswatPadhi/LoopInvGen,https://github.com/SaswatPadhi/LoopInvGen,benchmarks/LIA/2018.NeurIPS_Code2Inv,benchmarks/LIA/2018.NeurIPS_Code2Inv/40_conf5.sl,26,21-50,SaswatPadhi/LoopInvGen (benchmarks/LIA/2018.NeurIPS_Code2Inv)
41.c.sl,SaswatPadhi/LoopInvGen,https://github.com/SaswatPadhi/LoopInvGen,benchmarks/LIA/2018.NeurIPS_Code2Inv,benchmarks/LIA/2018.NeurIPS_Code2Inv/41.c.sl,10,6-10,SaswatPadhi/LoopInvGen (benchmarks/LIA/2018.NeurIPS_Code2Inv)
41_conf1.sl,SaswatPadhi/LoopInvGen,https://github.com/SaswatPadhi/LoopInvGen,benchmarks/LIA/2018.NeurIPS_Code2Inv,benchmarks/LIA/2018.NeurIPS_Code2Inv/41_conf1.sl,16,11-20,NeuralInvariantRanker (Chakraborty et al.) -- verified positive invariant
41_conf5.sl,SaswatPadhi/LoopInvGen,https://github.com/SaswatPadhi/LoopInvGen,benchmarks/LIA/2018.NeurIPS_Code2Inv,benchmarks/LIA/2018.NeurIPS_Code2Inv/41_conf5.sl,26,21-50,NeuralInvariantRanker (Chakraborty et al.) -- verified positive invariant
42.c.sl,SaswatPadhi/LoopInvGen,https://github.com/SaswatPadhi/LoopInvGen,benchmarks/LIA/2018.NeurIPS_Code2Inv,benchmarks/LIA/2018.NeurIPS_Code2Inv/42.c.sl,10,6-10,SaswatPadhi/LoopInvGen (benchmarks/LIA/2018.NeurIPS_Code2Inv)
42_conf1.sl,SaswatPadhi/LoopInvGen,https://github.com/SaswatPadhi/LoopInvGen,benchmarks/LIA/2018.NeurIPS_Code2Inv,benchmarks/LIA/2018.NeurIPS_Code2Inv/42_conf1.sl,16,11-20,NeuralInvariantRanker (Chakraborty et al.) -- verified positive invariant
42_conf5.sl,SaswatPadhi/LoopInvGen,https://github.com/SaswatPadhi/LoopInvGen,benchmarks/LIA/2018.NeurIPS_Code2Inv,benchmarks/LIA/2018.NeurIPS_Code2Inv/42_conf5.sl,26,21-50,NeuralInvariantRanker (Chakraborty et al.) -- verified positive invariant
43.c.sl,SaswatPadhi/LoopInvGen,https://github.com/SaswatPadhi/LoopInvGen,benchmarks/LIA/2018.NeurIPS_Code2Inv,benchmarks/LIA/2018.NeurIPS_Code2Inv/43.c.sl,10,6-10,SaswatPadhi/LoopInvGen (benchmarks/LIA/2018.NeurIPS_Code2Inv)
43_conf1.sl,SaswatPadhi/LoopInvGen,https://github.com/SaswatPadhi/LoopInvGen,benchmarks/LIA/2018.NeurIPS_Code2Inv,benchmarks/LIA/2018.NeurIPS_Code2Inv/43_conf1.sl,16,11-20,NeuralInvariantRanker (Chakraborty et al.) -- verified positive invariant
43_conf5.sl,SaswatPadhi/LoopInvGen,https://github.com/SaswatPadhi/LoopInvGen,benchmarks/LIA/2018.NeurIPS_Code2Inv,benchmarks/LIA/2018.NeurIPS_Code2Inv/43_conf5.sl,26,21-50,NeuralInvariantRanker (Chakraborty et al.) -- verified positive invariant
44.c.sl,SaswatPadhi/LoopInvGen,https://github.com/SaswatPadhi/LoopInvGen,benchmarks/LIA/2018.NeurIPS_Code2Inv,benchmarks/LIA/2018.NeurIPS_Code2Inv/44.c.sl,10,6-10,SaswatPadhi/LoopInvGen (benchmarks/LIA/2018.NeurIPS_Code2Inv)
44_conf1.sl,SaswatPadhi/LoopInvGen,https://github.com/SaswatPadhi/LoopInvGen,benchmarks/LIA/2018.NeurIPS_Code2Inv,benchmarks/LIA/2018.NeurIPS_Code2Inv/44_conf1.sl,16,11-20,NeuralInvariantRanker (Chakraborty et al.) -- verified positive invariant
44_conf5.sl,SaswatPadhi/LoopInvGen,https://github.com/SaswatPadhi/LoopInvGen,benchmarks/LIA/2018.NeurIPS_Code2Inv,benchmarks/LIA/2018.NeurIPS_Code2Inv/44_conf5.sl,24,21-50,NeuralInvariantRanker (Chakraborty et al.) -- verified positive invariant
45.c.sl,SaswatPadhi/LoopInvGen,https://github.com/SaswatPadhi/LoopInvGen,benchmarks/LIA/2018.NeurIPS_Code2Inv,benchmarks/LIA/2018.NeurIPS_Code2Inv/45.c.sl,10,6-10,SaswatPadhi/LoopInvGen (benchmarks/LIA/2018.NeurIPS_Code2Inv)
45_conf1.sl,SaswatPadhi/LoopInvGen,https://github.com/SaswatPadhi/LoopInvGen,benchmarks/LIA/2018.NeurIPS_Code2Inv,benchmarks/LIA/2018.NeurIPS_Code2Inv/45_conf1.sl,16,11-20,SaswatPadhi/LoopInvGen (benchmarks/LIA/2018.NeurIPS_Code2Inv)
45_conf5.sl,SaswatPadhi/LoopInvGen,https://github.com/SaswatPadhi/LoopInvGen,benchmarks/LIA/2018.NeurIPS_Code2Inv,benchmarks/LIA/2018.NeurIPS_Code2Inv/45_conf5.sl,26,21-50,NeuralInvariantRanker (Chakraborty et al.) -- verified positive invariant
46.c.sl,SaswatPadhi/LoopInvGen,https://github.com/SaswatPadhi/LoopInvGen,benchmarks/LIA/2018.NeurIPS_Code2Inv,benchmarks/LIA/2018.NeurIPS_Code2Inv/46.c.sl,10,6-10,SaswatPadhi/LoopInvGen (benchmarks/LIA/2018.NeurIPS_Code2Inv)
47.c.sl,SaswatPadhi/LoopInvGen,https://github.com/SaswatPadhi/LoopInvGen,benchmarks/LIA/2018.NeurIPS_Code2Inv,benchmarks/LIA/2018.NeurIPS_Code2Inv/47.c.sl,10,6-10,SaswatPadhi/LoopInvGen (benchmarks/LIA/2018.NeurIPS_Code2Inv)
47_conf1.sl,SaswatPadhi/LoopInvGen,https://github.com/SaswatPadhi/LoopInvGen,benchmarks/LIA/2018.NeurIPS_Code2Inv,benchmarks/LIA/2018.NeurIPS_Code2Inv/47_conf1.sl,16,11-20,SaswatPadhi/LoopInvGen (benchmarks/LIA/2018.NeurIPS_Code2Inv)
47_conf5.sl,SaswatPadhi/LoopInvGen,https://github.com/SaswatPadhi/LoopInvGen,benchmarks/LIA/2018.NeurIPS_Code2Inv,benchmarks/LIA/2018.NeurIPS_Code2Inv/47_conf5.sl,26,21-50,NeuralInvariantRanker (Chakraborty et al.) -- verified positive invariant
48.c.sl,SaswatPadhi/LoopInvGen,https://github.com/SaswatPadhi/LoopInvGen,benchmarks/LIA/2018.NeurIPS_Code2Inv,benchmarks/LIA/2018.NeurIPS_Code2Inv/48.c.sl,10,6-10,SaswatPadhi/LoopInvGen (benchmarks/LIA/2018.NeurIPS_Code2Inv)
48_conf1.sl,SaswatPadhi/LoopInvGen,https://github.com/SaswatPadhi/LoopInvGen,benchmarks/LIA/2018.NeurIPS_Code2Inv,benchmarks/LIA/2018.NeurIPS_Code2Inv/48_conf1.sl,16,11-20,NeuralInvariantRanker (Chakraborty et al.) -- verified positive invariant
48_conf5.sl,SaswatPadhi/LoopInvGen,https://github.com/SaswatPadhi/LoopInvGen,benchmarks/LIA/2018.NeurIPS_Code2Inv,benchmarks/LIA/2018.NeurIPS_Code2Inv/48_conf5.sl,26,21-50,NeuralInvariantRanker (Chakraborty et al.) -- verified positive invariant
49.c.sl,SaswatPadhi/LoopInvGen,https://github.com/SaswatPadhi/LoopInvGen,benchmarks/LIA/2018.NeurIPS_Code2Inv,benchmarks/LIA/2018.NeurIPS_Code2Inv/49.c.sl,10,6-10,NeuralInvariantRanker (Chakraborty et al.) -- verified positive invariant
49_conf1.sl,SaswatPadhi/LoopInvGen,https://github.com/SaswatPadhi/LoopInvGen,benchmarks/LIA/2018.NeurIPS_Code2Inv,benchmarks/LIA/2018.NeurIPS_Code2Inv/49_conf1.sl,16,11-20,SaswatPadhi/LoopInvGen (benchmarks/LIA/2018.NeurIPS_Code2Inv)
49_conf5.sl,SaswatPadhi/LoopInvGen,https://github.com/SaswatPadhi/LoopInvGen,benchmarks/LIA/2018.NeurIPS_Code2Inv,benchmarks/LIA/2018.NeurIPS_Code2Inv/49_conf5.sl,24,21-50,SaswatPadhi/LoopInvGen (benchmarks/LIA/2018.NeurIPS_Code2Inv)
4_conf1.sl,SaswatPadhi/LoopInvGen,https://github.com/SaswatPadhi/LoopInvGen,benchmarks/LIA/2018.NeurIPS_Code2Inv,benchmarks/LIA/2018.NeurIPS_Code2Inv/4_conf1.sl,18,11-20,SaswatPadhi/LoopInvGen (benchmarks/LIA/2018.NeurIPS_Code2Inv)
4_conf5.sl,SaswatPadhi/LoopInvGen,https://github.com/SaswatPadhi/LoopInvGen,benchmarks/LIA/2018.NeurIPS_Code2Inv,benchmarks/LIA/2018.NeurIPS_Code2Inv/4_conf5.sl,26,21-50,SaswatPadhi/LoopInvGen (benchmarks/LIA/2018.NeurIPS_Code2Inv)
5.c.sl,SaswatPadhi/LoopInvGen,https://github.com/SaswatPadhi/LoopInvGen,benchmarks/LIA/2018.NeurIPS_Code2Inv,benchmarks/LIA/2018.NeurIPS_Code2Inv/5.c.sl,13,11-20,SaswatPadhi/LoopInvGen (benchmarks/LIA/2018.NeurIPS_Code2Inv)
50.c.sl,SaswatPadhi/LoopInvGen,https://github.com/SaswatPadhi/LoopInvGen,benchmarks/LIA/2018.NeurIPS_Code2Inv,benchmarks/LIA/2018.NeurIPS_Code2Inv/50.c.sl,8,6-10,NeuralInvariantRanker (Chakraborty et al.) -- verified positive invariant
50_conf1.sl,SaswatPadhi/LoopInvGen,https://github.com/SaswatPadhi/LoopInvGen,benchmarks/LIA/2018.NeurIPS_Code2Inv,benchmarks/LIA/2018.NeurIPS_Code2Inv/50_conf1.sl,14,11-20,NeuralInvariantRanker (Chakraborty et al.) -- verified positive invariant
50_conf5.sl,SaswatPadhi/LoopInvGen,https://github.com/SaswatPadhi/LoopInvGen,benchmarks/LIA/2018.NeurIPS_Code2Inv,benchmarks/LIA/2018.NeurIPS_Code2Inv/50_conf5.sl,24,21-50,SaswatPadhi/LoopInvGen (benchmarks/LIA/2018.NeurIPS_Code2Inv)
51.c.sl,SaswatPadhi/LoopInvGen,https://github.com/SaswatPadhi/LoopInvGen,benchmarks/LIA/2018.NeurIPS_Code2Inv,benchmarks/LIA/2018.NeurIPS_Code2Inv/51.c.sl,8,6-10,NeuralInvariantRanker (Chakraborty et al.) -- verified positive invariant
51_conf1.sl,SaswatPadhi/LoopInvGen,https://github.com/SaswatPadhi/LoopInvGen,benchmarks/LIA/2018.NeurIPS_Code2Inv,benchmarks/LIA/2018.NeurIPS_Code2Inv/51_conf1.sl,14,11-20,NeuralInvariantRanker (Chakraborty et al.) -- verified positive invariant
51_conf5.sl,SaswatPadhi/LoopInvGen,https://github.com/SaswatPadhi/LoopInvGen,benchmarks/LIA/2018.NeurIPS_Code2Inv,benchmarks/LIA/2018.NeurIPS_Code2Inv/51_conf5.sl,24,21-50,NeuralInvariantRanker (Chakraborty et al.) -- verified positive invariant
52.c.sl,SaswatPadhi/LoopInvGen,https://github.com/SaswatPadhi/LoopInvGen,benchmarks/LIA/2018.NeurIPS_Code2Inv,benchmarks/LIA/2018.NeurIPS_Code2Inv/52.c.sl,8,6-10,SaswatPadhi/LoopInvGen (benchmarks/LIA/2018.NeurIPS_Code2Inv)
52_conf1.sl,SaswatPadhi/LoopInvGen,https://github.com/SaswatPadhi/LoopInvGen,benchmarks/LIA/2018.NeurIPS_Code2Inv,benchmarks/LIA/2018.NeurIPS_Code2Inv/52_conf1.sl,14,11-20,NeuralInvariantRanker (Chakraborty et al.) -- verified positive invariant
52_conf5.sl,SaswatPadhi/LoopInvGen,https://github.com/SaswatPadhi/LoopInvGen,benchmarks/LIA/2018.NeurIPS_Code2Inv,benchmarks/LIA/2018.NeurIPS_Code2Inv/52_conf5.sl,24,21-50,NeuralInvariantRanker (Chakraborty et al.) -- verified positive invariant
56.c.sl,SaswatPadhi/LoopInvGen,https://github.com/SaswatPadhi/LoopInvGen,benchmarks/LIA/2018.NeurIPS_Code2Inv,benchmarks/LIA/2018.NeurIPS_Code2Inv/56.c.sl,10,6-10,SaswatPadhi/LoopInvGen (benchmarks/LIA/2018.NeurIPS_Code2Inv)
56_conf1.sl,SaswatPadhi/LoopInvGen,https://github.com/SaswatPadhi/LoopInvGen,benchmarks/LIA/2018.NeurIPS_Code2Inv,benchmarks/LIA/2018.NeurIPS_Code2Inv/56_conf1.sl,16,11-20,NeuralInvariantRanker (Chakraborty et al.) -- verified positive invariant
56_conf5.sl,SaswatPadhi/LoopInvGen,https://github.com/SaswatPadhi/LoopInvGen,benchmarks/LIA/2018.NeurIPS_Code2Inv,benchmarks/LIA/2018.NeurIPS_Code2Inv/56_conf5.sl,26,21-50,NeuralInvariantRanker (Chakraborty et al.) -- verified positive invariant
57.c.sl,SaswatPadhi/LoopInvGen,https://github.com/SaswatPadhi/LoopInvGen,benchmarks/LIA/2018.NeurIPS_Code2Inv,benchmarks/LIA/2018.NeurIPS_Code2Inv/57.c.sl,10,6-10,SaswatPadhi/LoopInvGen (benchmarks/LIA/2018.NeurIPS_Code2Inv)
57_conf1.sl,SaswatPadhi/LoopInvGen,https://github.com/SaswatPadhi/LoopInvGen,benchmarks/LIA/2018.NeurIPS_Code2Inv,benchmarks/LIA/2018.NeurIPS_Code2Inv/57_conf1.sl,16,11-20,SaswatPadhi/LoopInvGen (benchmarks/LIA/2018.NeurIPS_Code2Inv)
57_conf5.sl,SaswatPadhi/LoopInvGen,https://github.com/SaswatPadhi/LoopInvGen,benchmarks/LIA/2018.NeurIPS_Code2Inv,benchmarks/LIA/2018.NeurIPS_Code2Inv/57_conf5.sl,24,21-50,NeuralInvariantRanker (Chakraborty et al.) -- verified positive invariant
5_conf1.sl,SaswatPadhi/LoopInvGen,https://github.com/SaswatPadhi/LoopInvGen,benchmarks/LIA/2018.NeurIPS_Code2Inv,benchmarks/LIA/2018.NeurIPS_Code2Inv/5_conf1.sl,20,11-20,SaswatPadhi/LoopInvGen (benchmarks/LIA/2018.NeurIPS_Code2Inv)
63.c.sl,SaswatPadhi/LoopInvGen,https://github.com/SaswatPadhi/LoopInvGen,benchmarks/LIA/2018.NeurIPS_Code2Inv,benchmarks/LIA/2018.NeurIPS_Code2Inv/63.c.sl,8,6-10,NeuralInvariantRanker (Chakraborty et al.) -- verified positive invariant
63_conf1.sl,SaswatPadhi/LoopInvGen,https://github.com/SaswatPadhi/LoopInvGen,benchmarks/LIA/2018.NeurIPS_Code2Inv,benchmarks/LIA/2018.NeurIPS_Code2Inv/63_conf1.sl,14,11-20,NeuralInvariantRanker (Chakraborty et al.) -- verified positive invariant
63_conf5.sl,SaswatPadhi/LoopInvGen,https://github.com/SaswatPadhi/LoopInvGen,benchmarks/LIA/2018.NeurIPS_Code2Inv,benchmarks/LIA/2018.NeurIPS_Code2Inv/63_conf5.sl,23,21-50,NeuralInvariantRanker (Chakraborty et al.) -- verified positive invariant
64.c.sl,SaswatPadhi/LoopInvGen,https://github.com/SaswatPadhi/LoopInvGen,benchmarks/LIA/2018.NeurIPS_Code2Inv,benchmarks/LIA/2018.NeurIPS_Code2Inv/64.c.sl,8,6-10,NeuralInvariantRanker (Chakraborty et al.) -- verified positive invariant
64_conf1.sl,SaswatPadhi/LoopInvGen,https://github.com/SaswatPadhi/LoopInvGen,benchmarks/LIA/2018.NeurIPS_Code2Inv,benchmarks/LIA/2018.NeurIPS_Code2Inv/64_conf1.sl,14,11-20,NeuralInvariantRanker (Chakraborty et al.) -- verified positive invariant
65.c.sl,SaswatPadhi/LoopInvGen,https://github.com/SaswatPadhi/LoopInvGen,benchmarks/LIA/2018.NeurIPS_Code2Inv,benchmarks/LIA/2018.NeurIPS_Code2Inv/65.c.sl,8,6-10,NeuralInvariantRanker (Chakraborty et al.) -- verified positive invariant
65_conf1.sl,SaswatPadhi/LoopInvGen,https://github.com/SaswatPadhi/LoopInvGen,benchmarks/LIA/2018.NeurIPS_Code2Inv,benchmarks/LIA/2018.NeurIPS_Code2Inv/65_conf1.sl,14,11-20,NeuralInvariantRanker (Chakraborty et al.) -- verified positive invariant
66.c.sl,SaswatPadhi/LoopInvGen,https://github.com/SaswatPadhi/LoopInvGen,benchmarks/LIA/2018.NeurIPS_Code2Inv,benchmarks/LIA/2018.NeurIPS_Code2Inv/66.c.sl,8,6-10,SaswatPadhi/LoopInvGen (benchmarks/LIA/2018.NeurIPS_Code2Inv)
66_conf1.sl,SaswatPadhi/LoopInvGen,https://github.com/SaswatPadhi/LoopInvGen,benchmarks/LIA/2018.NeurIPS_Code2Inv,benchmarks/LIA/2018.NeurIPS_Code2Inv/66_conf1.sl,14,11-20,NeuralInvariantRanker (Chakraborty et al.) -- verified positive invariant
67.c.sl,SaswatPadhi/LoopInvGen,https://github.com/SaswatPadhi/LoopInvGen,benchmarks/LIA/2018.NeurIPS_Code2Inv,benchmarks/LIA/2018.NeurIPS_Code2Inv/67.c.sl,10,6-10,NeuralInvariantRanker (Chakraborty et al.) -- verified positive invariant
67_conf1.sl,SaswatPadhi/LoopInvGen,https://github.com/SaswatPadhi/LoopInvGen,benchmarks/LIA/2018.NeurIPS_Code2Inv,benchmarks/LIA/2018.NeurIPS_Code2Inv/67_conf1.sl,16,11-20,NeuralInvariantRanker (Chakraborty et al.) -- verified positive invariant
67_conf5.sl,SaswatPadhi/LoopInvGen,https://github.com/SaswatPadhi/LoopInvGen,benchmarks/LIA/2018.NeurIPS_Code2Inv,benchmarks/LIA/2018.NeurIPS_Code2Inv/67_conf5.sl,25,21-50,NeuralInvariantRanker (Chakraborty et al.) -- verified positive invariant
68.c.sl,SaswatPadhi/LoopInvGen,https://github.com/SaswatPadhi/LoopInvGen,benchmarks/LIA/2018.NeurIPS_Code2Inv,benchmarks/LIA/2018.NeurIPS_Code2Inv/68.c.sl,10,6-10,NeuralInvariantRanker (Chakraborty et al.) -- verified positive invariant
68_conf1.sl,SaswatPadhi/LoopInvGen,https://github.com/SaswatPadhi/LoopInvGen,benchmarks/LIA/2018.NeurIPS_Code2Inv,benchmarks/LIA/2018.NeurIPS_Code2Inv/68_conf1.sl,16,11-20,NeuralInvariantRanker (Chakraborty et al.) -- verified positive invariant
70.c.sl,SaswatPadhi/LoopInvGen,https://github.com/SaswatPadhi/LoopInvGen,benchmarks/LIA/2018.NeurIPS_Code2Inv,benchmarks/LIA/2018.NeurIPS_Code2Inv/70.c.sl,10,6-10,NeuralInvariantRanker (Chakraborty et al.) -- verified positive invariant
70_conf1.sl,SaswatPadhi/LoopInvGen,https://github.com/SaswatPadhi/LoopInvGen,benchmarks/LIA/2018.NeurIPS_Code2Inv,benchmarks/LIA/2018.NeurIPS_Code2Inv/70_conf1.sl,16,11-20,NeuralInvariantRanker (Chakraborty et al.) -- verified positive invariant
71.c.sl,SaswatPadhi/LoopInvGen,https://github.com/SaswatPadhi/LoopInvGen,benchmarks/LIA/2018.NeurIPS_Code2Inv,benchmarks/LIA/2018.NeurIPS_Code2Inv/71.c.sl,15,11-20,NeuralInvariantRanker (Chakraborty et al.) -- verified positive invariant
71_conf1.sl,SaswatPadhi/LoopInvGen,https://github.com/SaswatPadhi/LoopInvGen,benchmarks/LIA/2018.NeurIPS_Code2Inv,benchmarks/LIA/2018.NeurIPS_Code2Inv/71_conf1.sl,21,21-50,NeuralInvariantRanker (Chakraborty et al.) -- verified positive invariant
71_conf5.sl,SaswatPadhi/LoopInvGen,https://github.com/SaswatPadhi/LoopInvGen,benchmarks/LIA/2018.NeurIPS_Code2Inv,benchmarks/LIA/2018.NeurIPS_Code2Inv/71_conf5.sl,29,21-50,NeuralInvariantRanker (Chakraborty et al.) -- verified positive invariant
72.c.sl,SaswatPadhi/LoopInvGen,https://github.com/SaswatPadhi/LoopInvGen,benchmarks/LIA/2018.NeurIPS_Code2Inv,benchmarks/LIA/2018.NeurIPS_Code2Inv/72.c.sl,15,11-20,NeuralInvariantRanker (Chakraborty et al.) -- verified positive invariant
72_conf1.sl,SaswatPadhi/LoopInvGen,https://github.com/SaswatPadhi/LoopInvGen,benchmarks/LIA/2018.NeurIPS_Code2Inv,benchmarks/LIA/2018.NeurIPS_Code2Inv/72_conf1.sl,21,21-50,NeuralInvariantRanker (Chakraborty et al.) -- verified positive invariant
72_conf5.sl,SaswatPadhi/LoopInvGen,https://github.com/SaswatPadhi/LoopInvGen,benchmarks/LIA/2018.NeurIPS_Code2Inv,benchmarks/LIA/2018.NeurIPS_Code2Inv/72_conf5.sl,29,21-50,NeuralInvariantRanker (Chakraborty et al.) -- verified positive invariant
73.c.sl,SaswatPadhi/LoopInvGen,https://github.com/SaswatPadhi/LoopInvGen,benchmarks/LIA/2018.NeurIPS_Code2Inv,benchmarks/LIA/2018.NeurIPS_Code2Inv/73.c.sl,15,11-20,SaswatPadhi/LoopInvGen (benchmarks/LIA/2018.NeurIPS_Code2Inv)
73_conf1.sl,SaswatPadhi/LoopInvGen,https://github.com/SaswatPadhi/LoopInvGen,benchmarks/LIA/2018.NeurIPS_Code2Inv,benchmarks/LIA/2018.NeurIPS_Code2Inv/73_conf1.sl,21,21-50,NeuralInvariantRanker (Chakraborty et al.) -- verified positive invariant
73_conf5.sl,SaswatPadhi/LoopInvGen,https://github.com/SaswatPadhi/LoopInvGen,benchmarks/LIA/2018.NeurIPS_Code2Inv,benchmarks/LIA/2018.NeurIPS_Code2Inv/73_conf5.sl,31,21-50,NeuralInvariantRanker (Chakraborty et al.) -- verified positive invariant
77.c.sl,SaswatPadhi/LoopInvGen,https://github.com/SaswatPadhi/LoopInvGen,benchmarks/LIA/2018.NeurIPS_Code2Inv,benchmarks/LIA/2018.NeurIPS_Code2Inv/77.c.sl,11,11-20,SaswatPadhi/LoopInvGen (benchmarks/LIA/2018.NeurIPS_Code2Inv)
77_conf1.sl,SaswatPadhi/LoopInvGen,https://github.com/SaswatPadhi/LoopInvGen,benchmarks/LIA/2018.NeurIPS_Code2Inv,benchmarks/LIA/2018.NeurIPS_Code2Inv/77_conf1.sl,16,11-20,NeuralInvariantRanker (Chakraborty et al.) -- verified positive invariant
77_conf5.sl,SaswatPadhi/LoopInvGen,https://github.com/SaswatPadhi/LoopInvGen,benchmarks/LIA/2018.NeurIPS_Code2Inv,benchmarks/LIA/2018.NeurIPS_Code2Inv/77_conf5.sl,24,21-50,NeuralInvariantRanker (Chakraborty et al.) -- verified positive invariant
78.c.sl,SaswatPadhi/LoopInvGen,https://github.com/SaswatPadhi/LoopInvGen,benchmarks/LIA/2018.NeurIPS_Code2Inv,benchmarks/LIA/2018.NeurIPS_Code2Inv/78.c.sl,11,11-20,NeuralInvariantRanker (Chakraborty et al.) -- verified positive invariant
78_conf1.sl,SaswatPadhi/LoopInvGen,https://github.com/SaswatPadhi/LoopInvGen,benchmarks/LIA/2018.NeurIPS_Code2Inv,benchmarks/LIA/2018.NeurIPS_Code2Inv/78_conf1.sl,16,11-20,NeuralInvariantRanker (Chakraborty et al.) -- verified positive invariant
78_conf5.sl,SaswatPadhi/LoopInvGen,https://github.com/SaswatPadhi/LoopInvGen,benchmarks/LIA/2018.NeurIPS_Code2Inv,benchmarks/LIA/2018.NeurIPS_Code2Inv/78_conf5.sl,24,21-50,NeuralInvariantRanker (Chakraborty et al.) -- verified positive invariant
79.c.sl,SaswatPadhi/LoopInvGen,https://github.com/SaswatPadhi/LoopInvGen,benchmarks/LIA/2018.NeurIPS_Code2Inv,benchmarks/LIA/2018.NeurIPS_Code2Inv/79.c.sl,11,11-20,SaswatPadhi/LoopInvGen (benchmarks/LIA/2018.NeurIPS_Code2Inv)
79_conf1.sl,SaswatPadhi/LoopInvGen,https://github.com/SaswatPadhi/LoopInvGen,benchmarks/LIA/2018.NeurIPS_Code2Inv,benchmarks/LIA/2018.NeurIPS_Code2Inv/79_conf1.sl,16,11-20,NeuralInvariantRanker (Chakraborty et al.) -- verified positive invariant
79_conf5.sl,SaswatPadhi/LoopInvGen,https://github.com/SaswatPadhi/LoopInvGen,benchmarks/LIA/2018.NeurIPS_Code2Inv,benchmarks/LIA/2018.NeurIPS_Code2Inv/79_conf5.sl,24,21-50,NeuralInvariantRanker (Chakraborty et al.) -- verified positive invariant
83.c.sl,SaswatPadhi/LoopInvGen,https://github.com/SaswatPadhi/LoopInvGen,benchmarks/LIA/2018.NeurIPS_Code2Inv,benchmarks/LIA/2018.NeurIPS_Code2Inv/83.c.sl,9,6-10,NeuralInvariantRanker (Chakraborty et al.) -- verified positive invariant
83_conf1.sl,SaswatPadhi/LoopInvGen,https://github.com/SaswatPadhi/LoopInvGen,benchmarks/LIA/2018.NeurIPS_Code2Inv,benchmarks/LIA/2018.NeurIPS_Code2Inv/83_conf1.sl,14,11-20,NeuralInvariantRanker (Chakraborty et al.) -- verified positive invariant
83_conf5.sl,SaswatPadhi/LoopInvGen,https://github.com/SaswatPadhi/LoopInvGen,benchmarks/LIA/2018.NeurIPS_Code2Inv,benchmarks/LIA/2018.NeurIPS_Code2Inv/83_conf5.sl,23,21-50,NeuralInvariantRanker (Chakraborty et al.) -- verified positive invariant
84.c.sl,SaswatPadhi/LoopInvGen,https://github.com/SaswatPadhi/LoopInvGen,benchmarks/LIA/2018.NeurIPS_Code2Inv,benchmarks/LIA/2018.NeurIPS_Code2Inv/84.c.sl,9,6-10,NeuralInvariantRanker (Chakraborty et al.) -- verified positive invariant
84_conf1.sl,SaswatPadhi/LoopInvGen,https://github.com/SaswatPadhi/LoopInvGen,benchmarks/LIA/2018.NeurIPS_Code2Inv,benchmarks/LIA/2018.NeurIPS_Code2Inv/84_conf1.sl,14,11-20,NeuralInvariantRanker (Chakraborty et al.) -- verified positive invariant
84_conf5.sl,SaswatPadhi/LoopInvGen,https://github.com/SaswatPadhi/LoopInvGen,benchmarks/LIA/2018.NeurIPS_Code2Inv,benchmarks/LIA/2018.NeurIPS_Code2Inv/84_conf5.sl,23,21-50,NeuralInvariantRanker (Chakraborty et al.) -- verified positive invariant
85.c.sl,SaswatPadhi/LoopInvGen,https://github.com/SaswatPadhi/LoopInvGen,benchmarks/LIA/2018.NeurIPS_Code2Inv,benchmarks/LIA/2018.NeurIPS_Code2Inv/85.c.sl,9,6-10,SaswatPadhi/LoopInvGen (benchmarks/LIA/2018.NeurIPS_Code2Inv)
85_conf1.sl,SaswatPadhi/LoopInvGen,https://github.com/SaswatPadhi/LoopInvGen,benchmarks/LIA/2018.NeurIPS_Code2Inv,benchmarks/LIA/2018.NeurIPS_Code2Inv/85_conf1.sl,14,11-20,NeuralInvariantRanker (Chakraborty et al.) -- verified positive invariant
87.c.sl,SaswatPadhi/LoopInvGen,https://github.com/SaswatPadhi/LoopInvGen,benchmarks/LIA/2018.NeurIPS_Code2Inv,benchmarks/LIA/2018.NeurIPS_Code2Inv/87.c.sl,20,11-20,NeuralInvariantRanker (Chakraborty et al.) -- verified positive invariant
87_conf1.sl,SaswatPadhi/LoopInvGen,https://github.com/SaswatPadhi/LoopInvGen,benchmarks/LIA/2018.NeurIPS_Code2Inv,benchmarks/LIA/2018.NeurIPS_Code2Inv/87_conf1.sl,29,21-50,NeuralInvariantRanker (Chakraborty et al.) -- verified positive invariant
87_conf5.sl,SaswatPadhi/LoopInvGen,https://github.com/SaswatPadhi/LoopInvGen,benchmarks/LIA/2018.NeurIPS_Code2Inv,benchmarks/LIA/2018.NeurIPS_Code2Inv/87_conf5.sl,43,21-50,NeuralInvariantRanker (Chakraborty et al.) -- verified positive invariant
88.c.sl,SaswatPadhi/LoopInvGen,https://github.com/SaswatPadhi/LoopInvGen,benchmarks/LIA/2018.NeurIPS_Code2Inv,benchmarks/LIA/2018.NeurIPS_Code2Inv/88.c.sl,20,11-20,NeuralInvariantRanker (Chakraborty et al.) -- verified positive invariant
88_conf1.sl,SaswatPadhi/LoopInvGen,https://github.com/SaswatPadhi/LoopInvGen,benchmarks/LIA/2018.NeurIPS_Code2Inv,benchmarks/LIA/2018.NeurIPS_Code2Inv/88_conf1.sl,29,21-50,NeuralInvariantRanker (Chakraborty et al.) -- verified positive invariant
88_conf5.sl,SaswatPadhi/LoopInvGen,https://github.com/SaswatPadhi/LoopInvGen,benchmarks/LIA/2018.NeurIPS_Code2Inv,benchmarks/LIA/2018.NeurIPS_Code2Inv/88_conf5.sl,41,21-50,NeuralInvariantRanker (Chakraborty et al.) -- verified positive invariant
91.c.sl,SaswatPadhi/LoopInvGen,https://github.com/SaswatPadhi/LoopInvGen,benchmarks/LIA/2018.NeurIPS_Code2Inv,benchmarks/LIA/2018.NeurIPS_Code2Inv/91.c.sl,6,6-10,NeuralInvariantRanker (Chakraborty et al.) -- verified positive invariant
91_conf1.sl,SaswatPadhi/LoopInvGen,https://github.com/SaswatPadhi/LoopInvGen,benchmarks/LIA/2018.NeurIPS_Code2Inv,benchmarks/LIA/2018.NeurIPS_Code2Inv/91_conf1.sl,12,11-20,NeuralInvariantRanker (Chakraborty et al.) -- verified positive invariant
91_conf5.sl,SaswatPadhi/LoopInvGen,https://github.com/SaswatPadhi/LoopInvGen,benchmarks/LIA/2018.NeurIPS_Code2Inv,benchmarks/LIA/2018.NeurIPS_Code2Inv/91_conf5.sl,20,11-20,NeuralInvariantRanker (Chakraborty et al.) -- verified positive invariant
93.c.sl,SaswatPadhi/LoopInvGen,https://github.com/SaswatPadhi/LoopInvGen,benchmarks/LIA/2018.NeurIPS_Code2Inv,benchmarks/LIA/2018.NeurIPS_Code2Inv/93.c.sl,22,21-50,NeuralInvariantRanker (Chakraborty et al.) -- verified positive invariant
93_conf1.sl,SaswatPadhi/LoopInvGen,https://github.com/SaswatPadhi/LoopInvGen,benchmarks/LIA/2018.NeurIPS_Code2Inv,benchmarks/LIA/2018.NeurIPS_Code2Inv/93_conf1.sl,31,21-50,NeuralInvariantRanker (Chakraborty et al.) -- verified positive invariant
93_conf5.sl,SaswatPadhi/LoopInvGen,https://github.com/SaswatPadhi/LoopInvGen,benchmarks/LIA/2018.NeurIPS_Code2Inv,benchmarks/LIA/2018.NeurIPS_Code2Inv/93_conf5.sl,41,21-50,NeuralInvariantRanker (Chakraborty et al.) -- verified positive invariant
94_conf5.sl,SaswatPadhi/LoopInvGen,https://github.com/SaswatPadhi/LoopInvGen,benchmarks/LIA/2018.NeurIPS_Code2Inv,benchmarks/LIA/2018.NeurIPS_Code2Inv/94_conf5.sl,27,21-50,NeuralInvariantRanker (Chakraborty et al.) -- verified positive invariant
95.c.sl,SaswatPadhi/LoopInvGen,https://github.com/SaswatPadhi/LoopInvGen,benchmarks/LIA/2018.NeurIPS_Code2Inv,benchmarks/LIA/2018.NeurIPS_Code2Inv/95.c.sl,15,11-20,NeuralInvariantRanker (Chakraborty et al.) -- verified positive invariant
95_conf1.sl,SaswatPadhi/LoopInvGen,https://github.com/SaswatPadhi/LoopInvGen,benchmarks/LIA/2018.NeurIPS_Code2Inv,benchmarks/LIA/2018.NeurIPS_Code2Inv/95_conf1.sl,20,11-20,NeuralInvariantRanker (Chakraborty et al.) -- verified positive invariant
95_conf5.sl,SaswatPadhi/LoopInvGen,https://github.com/SaswatPadhi/LoopInvGen,benchmarks/LIA/2018.NeurIPS_Code2Inv,benchmarks/LIA/2018.NeurIPS_Code2Inv/95_conf5.sl,29,21-50,NeuralInvariantRanker (Chakraborty et al.) -- verified positive invariant
96.c.sl,SaswatPadhi/LoopInvGen,https://github.com/SaswatPadhi/LoopInvGen,benchmarks/LIA/2018.NeurIPS_Code2Inv,benchmarks/LIA/2018.NeurIPS_Code2Inv/96.c.sl,15,11-20,NeuralInvariantRanker (Chakraborty et al.) -- verified positive invariant
96_conf1.sl,SaswatPadhi/LoopInvGen,https://github.com/SaswatPadhi/LoopInvGen,benchmarks/LIA/2018.NeurIPS_Code2Inv,benchmarks/LIA/2018.NeurIPS_Code2Inv/96_conf1.sl,20,11-20,NeuralInvariantRanker (Chakraborty et al.) -- verified positive invariant
96_conf5.sl,SaswatPadhi/LoopInvGen,https://github.com/SaswatPadhi/LoopInvGen,benchmarks/LIA/2018.NeurIPS_Code2Inv,benchmarks/LIA/2018.NeurIPS_Code2Inv/96_conf5.sl,29,21-50,NeuralInvariantRanker (Chakraborty et al.) -- verified positive invariant
97.c.sl,SaswatPadhi/LoopInvGen,https://github.com/SaswatPadhi/LoopInvGen,benchmarks/LIA/2018.NeurIPS_Code2Inv,benchmarks/LIA/2018.NeurIPS_Code2Inv/97.c.sl,15,11-20,SaswatPadhi/LoopInvGen (benchmarks/LIA/2018.NeurIPS_Code2Inv)
97_conf1.sl,SaswatPadhi/LoopInvGen,https://github.com/SaswatPadhi/LoopInvGen,benchmarks/LIA/2018.NeurIPS_Code2Inv,benchmarks/LIA/2018.NeurIPS_Code2Inv/97_conf1.sl,20,11-20,NeuralInvariantRanker (Chakraborty et al.) -- verified positive invariant
97_conf5.sl,SaswatPadhi/LoopInvGen,https://github.com/SaswatPadhi/LoopInvGen,benchmarks/LIA/2018.NeurIPS_Code2Inv,benchmarks/LIA/2018.NeurIPS_Code2Inv/97_conf5.sl,29,21-50,NeuralInvariantRanker (Chakraborty et al.) -- verified positive invariant
98.c.sl,SaswatPadhi/LoopInvGen,https://github.com/SaswatPadhi/LoopInvGen,benchmarks/LIA/2018.NeurIPS_Code2Inv,benchmarks/LIA/2018.NeurIPS_Code2Inv/98.c.sl,15,11-20,NeuralInvariantRanker (Chakraborty et al.) -- verified positive invariant
98_conf1.sl,SaswatPadhi/LoopInvGen,https://github.com/SaswatPadhi/LoopInvGen,benchmarks/LIA/2018.NeurIPS_Code2Inv,benchmarks/LIA/2018.NeurIPS_Code2Inv/98_conf1.sl,20,11-20,NeuralInvariantRanker (Chakraborty et al.) -- verified positive invariant
98_conf5.sl,SaswatPadhi/LoopInvGen,https://github.com/SaswatPadhi/LoopInvGen,benchmarks/LIA/2018.NeurIPS_Code2Inv,benchmarks/LIA/2018.NeurIPS_Code2Inv/98_conf5.sl,29,21-50,NeuralInvariantRanker (Chakraborty et al.) -- verified positive invariant
99.c.sl,SaswatPadhi/LoopInvGen,https://github.com/SaswatPadhi/LoopInvGen,benchmarks/LIA/2018.NeurIPS_Code2Inv,benchmarks/LIA/2018.NeurIPS_Code2Inv/99.c.sl,12,11-20,NeuralInvariantRanker (Chakraborty et al.) -- verified positive invariant
99_conf1.sl,SaswatPadhi/LoopInvGen,https://github.com/SaswatPadhi/LoopInvGen,benchmarks/LIA/2018.NeurIPS_Code2Inv,benchmarks/LIA/2018.NeurIPS_Code2Inv/99_conf1.sl,17,11-20,NeuralInvariantRanker (Chakraborty et al.) -- verified positive invariant
99_conf5.sl,SaswatPadhi/LoopInvGen,https://github.com/SaswatPadhi/LoopInvGen,benchmarks/LIA/2018.NeurIPS_Code2Inv,benchmarks/LIA/2018.NeurIPS_Code2Inv/99_conf5.sl,26,21-50,NeuralInvariantRanker (Chakraborty et al.) -- verified positive invariant
add-array.sl,SaswatPadhi/LoopInvGen,https://github.com/SaswatPadhi/LoopInvGen,benchmarks/ALIA/others,benchmarks/ALIA/others/add-array.sl,3,3-5,NeuralInvariantRanker (Chakraborty et al.) -- verified positive invariant
add.sl,SaswatPadhi/LoopInvGen,https://github.com/SaswatPadhi/LoopInvGen,benchmarks/LIA/2013.OOPSLA_Hola,benchmarks/LIA/2013.OOPSLA_Hola/add.sl,3,3-5,NeuralInvariantRanker (Chakraborty et al.) -- verified positive invariant
anfp-new.sl,SaswatPadhi/LoopInvGen,https://github.com/SaswatPadhi/LoopInvGen,benchmarks/LIA/2016.SyGuS-Comp,benchmarks/LIA/2016.SyGuS-Comp/anfp-new.sl,2,1-2,NeuralInvariantRanker (Chakraborty et al.) -- verified positive invariant
anfp.sl,SaswatPadhi/LoopInvGen,https://github.com/SaswatPadhi/LoopInvGen,benchmarks/LIA/2016.SyGuS-Comp,benchmarks/LIA/2016.SyGuS-Comp/anfp.sl,2,1-2,NeuralInvariantRanker (Chakraborty et al.) -- verified positive invariant
array-copyall-bool.sl,SaswatPadhi/LoopInvGen,https://github.com/SaswatPadhi/LoopInvGen,benchmarks/ALIA/others,benchmarks/ALIA/others/array-copyall-bool.sl,4,3-5,NeuralInvariantRanker (Chakraborty et al.) -- verified positive invariant
array-copyall.sl,SaswatPadhi/LoopInvGen,https://github.com/SaswatPadhi/LoopInvGen,benchmarks/ALIA/others,benchmarks/ALIA/others/array-copyall.sl,4,3-5,NeuralInvariantRanker (Chakraborty et al.) -- verified positive invariant
array-copyodd.sl,SaswatPadhi/LoopInvGen,https://github.com/SaswatPadhi/LoopInvGen,benchmarks/ALIA/others,benchmarks/ALIA/others/array-copyodd.sl,4,3-5,NeuralInvariantRanker (Chakraborty et al.) -- verified positive invariant
array-new.sl,SaswatPadhi/LoopInvGen,https://github.com/SaswatPadhi/LoopInvGen,benchmarks/LIA/2016.SyGuS-Comp,benchmarks/LIA/2016.SyGuS-Comp/array-new.sl,3,3-5,NeuralInvariantRanker (Chakraborty et al.) -- verified positive invariant
array.sl,SaswatPadhi/LoopInvGen,https://github.com/SaswatPadhi/LoopInvGen,benchmarks/LIA/2016.SyGuS-Comp,benchmarks/LIA/2016.SyGuS-Comp/array.sl,3,3-5,NeuralInvariantRanker (Chakraborty et al.) -- verified positive invariant
array_doub_access_init_const.sl,SaswatPadhi/LoopInvGen,https://github.com/SaswatPadhi/LoopInvGen,benchmarks/ALIA/2019.SV-Comp/array-cav19,benchmarks/ALIA/2019.SV-Comp/array-cav19/array_doub_access_init_const.sl,3,3-5,NeuralInvariantRanker (Chakraborty et al.) -- verified positive invariant
array_init_both_ends_multiple_sum.sl,SaswatPadhi/LoopInvGen,https://github.com/SaswatPadhi/LoopInvGen,benchmarks/ALIA/2019.SV-Comp/array-cav19,benchmarks/ALIA/2019.SV-Comp/array-cav19/array_init_both_ends_multiple_sum.sl,6,6-10,NeuralInvariantRanker (Chakraborty et al.) -- verified positive invariant
array_simp.sl,SaswatPadhi/LoopInvGen,https://github.com/SaswatPadhi/LoopInvGen,benchmarks/LIA/2016.SyGuS-Comp,benchmarks/LIA/2016.SyGuS-Comp/array_simp.sl,4,3-5,NeuralInvariantRanker (Chakraborty et al.) -- verified positive invariant
array_tiling_poly6.sl,SaswatPadhi/LoopInvGen,https://github.com/SaswatPadhi/LoopInvGen,benchmarks/ALIA/2019.SV-Comp/array-cav19,benchmarks/ALIA/2019.SV-Comp/array-cav19/array_tiling_poly6.sl,3,3-5,NeuralInvariantRanker (Chakraborty et al.) -- verified positive invariant
array_tripl_access_init_const.sl,SaswatPadhi/LoopInvGen,https://github.com/SaswatPadhi/LoopInvGen,benchmarks/ALIA/2019.SV-Comp/array-cav19,benchmarks/ALIA/2019.SV-Comp/array-cav19/array_tripl_access_init_const.sl,3,3-5,NeuralInvariantRanker (Chakraborty et al.) -- verified positive invariant
array_vars.sl,SaswatPadhi/LoopInvGen,https://github.com/SaswatPadhi/LoopInvGen,benchmarks/LIA/2016.SyGuS-Comp,benchmarks/LIA/2016.SyGuS-Comp/array_vars.sl,7,6-10,NeuralInvariantRanker (Chakraborty et al.) -- verified positive invariant
bhmr2007_true-unreach-call_true-termination.sl,SaswatPadhi/LoopInvGen,https://github.com/SaswatPadhi/LoopInvGen,benchmarks/LIA/2018.SV-Comp,benchmarks/LIA/2018.SV-Comp/bhmr2007_true-unreach-call_true-termination.sl,4,3-5,NeuralInvariantRanker (Chakraborty et al.) -- verified positive invariant
bk-nat.sl,SaswatPadhi/LoopInvGen,https://github.com/SaswatPadhi/LoopInvGen,benchmarks/LIA/2015.FMCAD_Acceleration,benchmarks/LIA/2015.FMCAD_Acceleration/bk-nat.sl,5,3-5,NeuralInvariantRanker (Chakraborty et al.) -- verified positive invariant
bkley.sl,SaswatPadhi/LoopInvGen,https://github.com/SaswatPadhi/LoopInvGen,benchmarks/LIA/2015.FMCAD_Acceleration,benchmarks/LIA/2015.FMCAD_Acceleration/bkley.sl,5,3-5,NeuralInvariantRanker (Chakraborty et al.) -- verified positive invariant
brett.sl,SaswatPadhi/LoopInvGen,https://github.com/SaswatPadhi/LoopInvGen,benchmarks/LIA/others,benchmarks/LIA/others/brett.sl,3,3-5,NeuralInvariantRanker (Chakraborty et al.) -- verified positive invariant
cars.sl,SaswatPadhi/LoopInvGen,https://github.com/SaswatPadhi/LoopInvGen,benchmarks/LIA/2015.FMCAD_Acceleration,benchmarks/LIA/2015.FMCAD_Acceleration/cars.sl,8,6-10,NeuralInvariantRanker (Chakraborty et al.) -- verified positive invariant
ccp16.sl,SaswatPadhi/LoopInvGen,https://github.com/SaswatPadhi/LoopInvGen,benchmarks/LIA/Lustre,benchmarks/LIA/Lustre/ccp16.sl,2,1-2,NeuralInvariantRanker (Chakraborty et al.) -- verified positive invariant
cegar1-new.sl,SaswatPadhi/LoopInvGen,https://github.com/SaswatPadhi/LoopInvGen,benchmarks/LIA/2016.SyGuS-Comp,benchmarks/LIA/2016.SyGuS-Comp/cegar1-new.sl,2,1-2,NeuralInvariantRanker (Chakraborty et al.) -- verified positive invariant
cegar1.sl,SaswatPadhi/LoopInvGen,https://github.com/SaswatPadhi/LoopInvGen,benchmarks/LIA/2016.SyGuS-Comp,benchmarks/LIA/2016.SyGuS-Comp/cegar1.sl,2,1-2,NeuralInvariantRanker (Chakraborty et al.) -- verified positive invariant
cegar1_vars-new.sl,SaswatPadhi/LoopInvGen,https://github.com/SaswatPadhi/LoopInvGen,benchmarks/LIA/2016.SyGuS-Comp,benchmarks/LIA/2016.SyGuS-Comp/cegar1_vars-new.sl,5,3-5,NeuralInvariantRanker (Chakraborty et al.) -- verified positive invariant
cegar1_vars.sl,SaswatPadhi/LoopInvGen,https://github.com/SaswatPadhi/LoopInvGen,benchmarks/LIA/2016.SyGuS-Comp,benchmarks/LIA/2016.SyGuS-Comp/cegar1_vars.sl,5,3-5,NeuralInvariantRanker (Chakraborty et al.) -- verified positive invariant
cegar2-new.sl,SaswatPadhi/LoopInvGen,https://github.com/SaswatPadhi/LoopInvGen,benchmarks/LIA/2016.SyGuS-Comp,benchmarks/LIA/2016.SyGuS-Comp/cegar2-new.sl,3,3-5,NeuralInvariantRanker (Chakraborty et al.) -- verified positive invariant
cegar2.sl,SaswatPadhi/LoopInvGen,https://github.com/SaswatPadhi/LoopInvGen,benchmarks/LIA/2016.SyGuS-Comp,benchmarks/LIA/2016.SyGuS-Comp/cegar2.sl,3,3-5,NeuralInvariantRanker (Chakraborty et al.) -- verified positive invariant
cegar2_vars-new.sl,SaswatPadhi/LoopInvGen,https://github.com/SaswatPadhi/LoopInvGen,benchmarks/LIA/2016.SyGuS-Comp,benchmarks/LIA/2016.SyGuS-Comp/cegar2_vars-new.sl,6,6-10,NeuralInvariantRanker (Chakraborty et al.) -- verified positive invariant
cegar2_vars.sl,SaswatPadhi/LoopInvGen,https://github.com/SaswatPadhi/LoopInvGen,benchmarks/LIA/2016.SyGuS-Comp,benchmarks/LIA/2016.SyGuS-Comp/cegar2_vars.sl,6,6-10,NeuralInvariantRanker (Chakraborty et al.) -- verified positive invariant
cggmp-new.sl,SaswatPadhi/LoopInvGen,https://github.com/SaswatPadhi/LoopInvGen,benchmarks/LIA/2016.SyGuS-Comp,benchmarks/LIA/2016.SyGuS-Comp/cggmp-new.sl,2,1-2,NeuralInvariantRanker (Chakraborty et al.) -- verified positive invariant
cggmp.sl,SaswatPadhi/LoopInvGen,https://github.com/SaswatPadhi/LoopInvGen,benchmarks/LIA/2016.SyGuS-Comp,benchmarks/LIA/2016.SyGuS-Comp/cggmp.sl,2,1-2,NeuralInvariantRanker (Chakraborty et al.) -- verified positive invariant
cggmp2005_true-unreach-call_true-termination.sl,SaswatPadhi/LoopInvGen,https://github.com/SaswatPadhi/LoopInvGen,benchmarks/LIA/2018.SV-Comp,benchmarks/LIA/2018.SV-Comp/cggmp2005_true-unreach-call_true-termination.sl,2,1-2,NeuralInvariantRanker (Chakraborty et al.) -- verified positive invariant
cggmp2005_variant_true-unreach-call_true-termination.sl,SaswatPadhi/LoopInvGen,https://github.com/SaswatPadhi/LoopInvGen,benchmarks/LIA/2018.SV-Comp,benchmarks/LIA/2018.SV-Comp/cggmp2005_variant_true-unreach-call_true-termination.sl,3,3-5,NeuralInvariantRanker (Chakraborty et al.) -- verified positive invariant
const_false-unreach-call1.sl,SaswatPadhi/LoopInvGen,https://github.com/SaswatPadhi/LoopInvGen,benchmarks/LIA/2018.SV-Comp,benchmarks/LIA/2018.SV-Comp/const_false-unreach-call1.sl,2,1-2,NeuralInvariantRanker (Chakraborty et al.) -- verified positive invariant
const_true-unreach-call1.sl,SaswatPadhi/LoopInvGen,https://github.com/SaswatPadhi/LoopInvGen,benchmarks/LIA/2018.SV-Comp,benchmarks/LIA/2018.SV-Comp/const_true-unreach-call1.sl,2,1-2,NeuralInvariantRanker (Chakraborty et al.) -- verified positive invariant
count_by_1_true-unreach-call_true-termination.sl,SaswatPadhi/LoopInvGen,https://github.com/SaswatPadhi/LoopInvGen,benchmarks/LIA/2018.SV-Comp,benchmarks/LIA/2018.SV-Comp/count_by_1_true-unreach-call_true-termination.sl,1,1-2,NeuralInvariantRanker (Chakraborty et al.) -- verified positive invariant
count_by_1_variant_true-unreach-call_true-termination.sl,SaswatPadhi/LoopInvGen,https://github.com/SaswatPadhi/LoopInvGen,benchmarks/LIA/2018.SV-Comp,benchmarks/LIA/2018.SV-Comp/count_by_1_variant_true-unreach-call_true-termination.sl,1,1-2,NeuralInvariantRanker (Chakraborty et al.) -- verified positive invariant
count_by_2_true-unreach-call_true-termination.sl,SaswatPadhi/LoopInvGen,https://github.com/SaswatPadhi/LoopInvGen,benchmarks/LIA/2018.SV-Comp,benchmarks/LIA/2018.SV-Comp/count_by_2_true-unreach-call_true-termination.sl,1,1-2,NeuralInvariantRanker (Chakraborty et al.) -- verified positive invariant
count_by_nondet_true-unreach-call_true-termination.sl,SaswatPadhi/LoopInvGen,https://github.com/SaswatPadhi/LoopInvGen,benchmarks/LIA/2018.SV-Comp,benchmarks/LIA/2018.SV-Comp/count_by_nondet_true-unreach-call_true-termination.sl,3,3-5,NeuralInvariantRanker (Chakraborty et al.) -- verified positive invariant
count_up_down_false-unreach-call_true-termination.sl,SaswatPadhi/LoopInvGen,https://github.com/SaswatPadhi/LoopInvGen,benchmarks/LIA/2018.SV-Comp,benchmarks/LIA/2018.SV-Comp/count_up_down_false-unreach-call_true-termination.sl,3,3-5,NeuralInvariantRanker (Chakraborty et al.) -- verified positive invariant
countud.sl,SaswatPadhi/LoopInvGen,https://github.com/SaswatPadhi/LoopInvGen,benchmarks/LIA/2013.OOPSLA_Hola,benchmarks/LIA/2013.OOPSLA_Hola/countud.sl,3,3-5,NeuralInvariantRanker (Chakraborty et al.) -- verified positive invariant
css2003_true-unreach-call_true-termination.sl,SaswatPadhi/LoopInvGen,https://github.com/SaswatPadhi/LoopInvGen,benchmarks/LIA/2018.SV-Comp,benchmarks/LIA/2018.SV-Comp/css2003_true-unreach-call_true-termination.sl,3,3-5,NeuralInvariantRanker (Chakraborty et al.) -- verified positive invariant
cube2.desugared.sl,SaswatPadhi/LoopInvGen,https://github.com/SaswatPadhi/LoopInvGen,benchmarks/NIA/2018.CHI_InvGame,benchmarks/NIA/2018.CHI_InvGame/cube2.desugared.sl,4,3-5,NeuralInvariantRanker (Chakraborty et al.) -- verified positive invariant
dec-new.sl,SaswatPadhi/LoopInvGen,https://github.com/SaswatPadhi/LoopInvGen,benchmarks/LIA/2016.SyGuS-Comp,benchmarks/LIA/2016.SyGuS-Comp/dec-new.sl,1,1-2,NeuralInvariantRanker (Chakraborty et al.) -- verified positive invariant
dec.sl,SaswatPadhi/LoopInvGen,https://github.com/SaswatPadhi/LoopInvGen,benchmarks/LIA/2016.SyGuS-Comp,benchmarks/LIA/2016.SyGuS-Comp/dec.sl,1,1-2,NeuralInvariantRanker (Chakraborty et al.) -- verified positive invariant
dec_simpl-new.sl,SaswatPadhi/LoopInvGen,https://github.com/SaswatPadhi/LoopInvGen,benchmarks/LIA/2016.SyGuS-Comp,benchmarks/LIA/2016.SyGuS-Comp/dec_simpl-new.sl,2,1-2,NeuralInvariantRanker (Chakraborty et al.) -- verified positive invariant
dec_simpl.sl,SaswatPadhi/LoopInvGen,https://github.com/SaswatPadhi/LoopInvGen,benchmarks/LIA/2016.SyGuS-Comp,benchmarks/LIA/2016.SyGuS-Comp/dec_simpl.sl,2,1-2,NeuralInvariantRanker (Chakraborty et al.) -- verified positive invariant
dec_vars-new.sl,SaswatPadhi/LoopInvGen,https://github.com/SaswatPadhi/LoopInvGen,benchmarks/LIA/2016.SyGuS-Comp,benchmarks/LIA/2016.SyGuS-Comp/dec_vars-new.sl,5,3-5,NeuralInvariantRanker (Chakraborty et al.) -- verified positive invariant
dec_vars.sl,SaswatPadhi/LoopInvGen,https://github.com/SaswatPadhi/LoopInvGen,benchmarks/LIA/2016.SyGuS-Comp,benchmarks/LIA/2016.SyGuS-Comp/dec_vars.sl,5,3-5,NeuralInvariantRanker (Chakraborty et al.) -- verified positive invariant
div.sl,SaswatPadhi/LoopInvGen,https://github.com/SaswatPadhi/LoopInvGen,benchmarks/NIA/other,benchmarks/NIA/other/div.sl,5,3-5,NeuralInvariantRanker (Chakraborty et al.) -- verified positive invariant
durationthm_1_e2_3.sl,SaswatPadhi/LoopInvGen,https://github.com/SaswatPadhi/LoopInvGen,benchmarks/LIA/Lustre,benchmarks/LIA/Lustre/durationThm_1_e2_3.sl,16,11-20,NeuralInvariantRanker (Chakraborty et al.) -- verified positive invariant
durationthm_1_e3_389.sl,SaswatPadhi/LoopInvGen,https://github.com/SaswatPadhi/LoopInvGen,benchmarks/LIA/Lustre,benchmarks/LIA/Lustre/durationThm_1_e3_389.sl,16,11-20,NeuralInvariantRanker (Chakraborty et al.) -- verified positive invariant
durationthm_1_e3_389_e4_294.sl,SaswatPadhi/LoopInvGen,https://github.com/SaswatPadhi/LoopInvGen,benchmarks/LIA/Lustre,benchmarks/LIA/Lustre/durationThm_1_e3_389_e4_294.sl,16,11-20,NeuralInvariantRanker (Chakraborty et al.) -- verified positive invariant
durationthm_1_e3_389_e5_5.sl,SaswatPadhi/LoopInvGen,https://github.com/SaswatPadhi/LoopInvGen,benchmarks/LIA/Lustre,benchmarks/LIA/Lustre/durationThm_1_e3_389_e5_5.sl,16,11-20,NeuralInvariantRanker (Chakraborty et al.) -- verified positive invariant
durationthm_2_e2_63.sl,SaswatPadhi/LoopInvGen,https://github.com/SaswatPadhi/LoopInvGen,benchmarks/LIA/Lustre,benchmarks/LIA/Lustre/durationThm_2_e2_63.sl,18,11-20,NeuralInvariantRanker (Chakraborty et al.) -- verified positive invariant
durationthm_2_e3_329_e4_1.sl,SaswatPadhi/LoopInvGen,https://github.com/SaswatPadhi/LoopInvGen,benchmarks/LIA/Lustre,benchmarks/LIA/Lustre/durationThm_2_e3_329_e4_1.sl,18,11-20,NeuralInvariantRanker (Chakraborty et al.) -- verified positive invariant
durationthm_2_e3_329_e5_124.sl,SaswatPadhi/LoopInvGen,https://github.com/SaswatPadhi/LoopInvGen,benchmarks/LIA/Lustre,benchmarks/LIA/Lustre/durationThm_2_e3_329_e5_124.sl,18,11-20,NeuralInvariantRanker (Chakraborty et al.) -- verified positive invariant
durationthm_2_e3_99.sl,SaswatPadhi/LoopInvGen,https://github.com/SaswatPadhi/LoopInvGen,benchmarks/LIA/Lustre,benchmarks/LIA/Lustre/durationThm_2_e3_99.sl,18,11-20,NeuralInvariantRanker (Chakraborty et al.) -- verified positive invariant
durationthm_2_e7_145_e2_169-flat.sl,SaswatPadhi/LoopInvGen,https://github.com/SaswatPadhi/LoopInvGen,benchmarks/LIA/Lustre,benchmarks/LIA/Lustre/durationThm_2_e7_145_e2_169-flat.sl,18,11-20,NeuralInvariantRanker (Chakraborty et al.) -- verified positive invariant
durationthm_2_e7_145_e2_169.sl,SaswatPadhi/LoopInvGen,https://github.com/SaswatPadhi/LoopInvGen,benchmarks/LIA/Lustre,benchmarks/LIA/Lustre/durationThm_2_e7_145_e2_169.sl,18,11-20,NeuralInvariantRanker (Chakraborty et al.) -- verified positive invariant
durationthm_2_e7_145_e3_222.sl,SaswatPadhi/LoopInvGen,https://github.com/SaswatPadhi/LoopInvGen,benchmarks/LIA/Lustre,benchmarks/LIA/Lustre/durationThm_2_e7_145_e3_222.sl,18,11-20,NeuralInvariantRanker (Chakraborty et al.) -- verified positive invariant
durationthm_3_e2_148.sl,SaswatPadhi/LoopInvGen,https://github.com/SaswatPadhi/LoopInvGen,benchmarks/LIA/Lustre,benchmarks/LIA/Lustre/durationThm_3_e2_148.sl,15,11-20,NeuralInvariantRanker (Chakraborty et al.) -- verified positive invariant
durationthm_3_e2_63.sl,SaswatPadhi/LoopInvGen,https://github.com/SaswatPadhi/LoopInvGen,benchmarks/LIA/Lustre,benchmarks/LIA/Lustre/durationThm_3_e2_63.sl,15,11-20,NeuralInvariantRanker (Chakraborty et al.) -- verified positive invariant
durationthm_3_e3_207.sl,SaswatPadhi/LoopInvGen,https://github.com/SaswatPadhi/LoopInvGen,benchmarks/LIA/Lustre,benchmarks/LIA/Lustre/durationThm_3_e3_207.sl,15,11-20,NeuralInvariantRanker (Chakraborty et al.) -- verified positive invariant
durationthm_3_e3_442.sl,SaswatPadhi/LoopInvGen,https://github.com/SaswatPadhi/LoopInvGen,benchmarks/LIA/Lustre,benchmarks/LIA/Lustre/durationThm_3_e3_442.sl,15,11-20,NeuralInvariantRanker (Chakraborty et al.) -- verified positive invariant
durationthm_3_e3_442_e4_165.sl,SaswatPadhi/LoopInvGen,https://github.com/SaswatPadhi/LoopInvGen,benchmarks/LIA/Lustre,benchmarks/LIA/Lustre/durationThm_3_e3_442_e4_165.sl,15,11-20,NeuralInvariantRanker (Chakraborty et al.) -- verified positive invariant
durationthm_3_e3_442_e5_260.sl,SaswatPadhi/LoopInvGen,https://github.com/SaswatPadhi/LoopInvGen,benchmarks/LIA/Lustre,benchmarks/LIA/Lustre/durationThm_3_e3_442_e5_260.sl,15,11-20,NeuralInvariantRanker (Chakraborty et al.) -- verified positive invariant
ex1.sl,SaswatPadhi/LoopInvGen,https://github.com/SaswatPadhi/LoopInvGen,benchmarks/LIA/2015.FMCAD_Acceleration,benchmarks/LIA/2015.FMCAD_Acceleration/ex1.sl,4,3-5,NeuralInvariantRanker (Chakraborty et al.) -- verified positive invariant
ex11-new.sl,SaswatPadhi/LoopInvGen,https://github.com/SaswatPadhi/LoopInvGen,benchmarks/LIA/2016.SyGuS-Comp,benchmarks/LIA/2016.SyGuS-Comp/ex11-new.sl,1,1-2,NeuralInvariantRanker (Chakraborty et al.) -- verified positive invariant
ex11.sl,SaswatPadhi/LoopInvGen,https://github.com/SaswatPadhi/LoopInvGen,benchmarks/LIA/2016.SyGuS-Comp,benchmarks/LIA/2016.SyGuS-Comp/ex11.sl,1,1-2,NeuralInvariantRanker (Chakraborty et al.) -- verified positive invariant
ex11_simpl-new.sl,SaswatPadhi/LoopInvGen,https://github.com/SaswatPadhi/LoopInvGen,benchmarks/LIA/2016.SyGuS-Comp,benchmarks/LIA/2016.SyGuS-Comp/ex11_simpl-new.sl,2,1-2,NeuralInvariantRanker (Chakraborty et al.) -- verified positive invariant
ex11_simpl.sl,SaswatPadhi/LoopInvGen,https://github.com/SaswatPadhi/LoopInvGen,benchmarks/LIA/2016.SyGuS-Comp,benchmarks/LIA/2016.SyGuS-Comp/ex11_simpl.sl,2,1-2,NeuralInvariantRanker (Chakraborty et al.) -- verified positive invariant
ex11_vars-new.sl,SaswatPadhi/LoopInvGen,https://github.com/SaswatPadhi/LoopInvGen,benchmarks/LIA/2016.SyGuS-Comp,benchmarks/LIA/2016.SyGuS-Comp/ex11_vars-new.sl,5,3-5,NeuralInvariantRanker (Chakraborty et al.) -- verified positive invariant
ex14-new.sl,SaswatPadhi/LoopInvGen,https://github.com/SaswatPadhi/LoopInvGen,benchmarks/LIA/2016.SyGuS-Comp,benchmarks/LIA/2016.SyGuS-Comp/ex14-new.sl,2,1-2,NeuralInvariantRanker (Chakraborty et al.) -- verified positive invariant
ex14.sl,SaswatPadhi/LoopInvGen,https://github.com/SaswatPadhi/LoopInvGen,benchmarks/LIA/2016.SyGuS-Comp,benchmarks/LIA/2016.SyGuS-Comp/ex14.sl,2,1-2,NeuralInvariantRanker (Chakraborty et al.) -- verified positive invariant
ex14_simp.sl,SaswatPadhi/LoopInvGen,https://github.com/SaswatPadhi/LoopInvGen,benchmarks/LIA/2016.SyGuS-Comp,benchmarks/LIA/2016.SyGuS-Comp/ex14_simp.sl,3,3-5,NeuralInvariantRanker (Chakraborty et al.) -- verified positive invariant
ex14_vars.sl,SaswatPadhi/LoopInvGen,https://github.com/SaswatPadhi/LoopInvGen,benchmarks/LIA/2016.SyGuS-Comp,benchmarks/LIA/2016.SyGuS-Comp/ex14_vars.sl,6,6-10,NeuralInvariantRanker (Chakraborty et al.) -- verified positive invariant
ex23.sl,SaswatPadhi/LoopInvGen,https://github.com/SaswatPadhi/LoopInvGen,benchmarks/LIA/2016.SyGuS-Comp,benchmarks/LIA/2016.SyGuS-Comp/ex23.sl,3,3-5,NeuralInvariantRanker (Chakraborty et al.) -- verified positive invariant
ex3.sl,SaswatPadhi/LoopInvGen,https://github.com/SaswatPadhi/LoopInvGen,benchmarks/LIA/Lustre,benchmarks/LIA/Lustre/ex3.sl,14,11-20,NeuralInvariantRanker (Chakraborty et al.) -- verified positive invariant
ex3_e7_590_e7_590.sl,SaswatPadhi/LoopInvGen,https://github.com/SaswatPadhi/LoopInvGen,benchmarks/LIA/Lustre,benchmarks/LIA/Lustre/ex3_e7_590_e7_590.sl,14,11-20,NeuralInvariantRanker (Chakraborty et al.) -- verified positive invariant
ex3_e7_655.sl,SaswatPadhi/LoopInvGen,https://github.com/SaswatPadhi/LoopInvGen,benchmarks/LIA/Lustre,benchmarks/LIA/Lustre/ex3_e7_655.sl,14,11-20,NeuralInvariantRanker (Chakraborty et al.) -- verified positive invariant
ex3_e8_381.sl,SaswatPadhi/LoopInvGen,https://github.com/SaswatPadhi/LoopInvGen,benchmarks/LIA/Lustre,benchmarks/LIA/Lustre/ex3_e8_381.sl,14,11-20,NeuralInvariantRanker (Chakraborty et al.) -- verified positive invariant
ex3_e8_381_e7_224.sl,SaswatPadhi/LoopInvGen,https://github.com/SaswatPadhi/LoopInvGen,benchmarks/LIA/Lustre,benchmarks/LIA/Lustre/ex3_e8_381_e7_224.sl,14,11-20,NeuralInvariantRanker (Chakraborty et al.) -- verified positive invariant
ex3_e8_381_e8_477.sl,SaswatPadhi/LoopInvGen,https://github.com/SaswatPadhi/LoopInvGen,benchmarks/LIA/Lustre,benchmarks/LIA/Lustre/ex3_e8_381_e8_477.sl,14,11-20,NeuralInvariantRanker (Chakraborty et al.) -- verified positive invariant
ex7.sl,SaswatPadhi/LoopInvGen,https://github.com/SaswatPadhi/LoopInvGen,benchmarks/LIA/2016.SyGuS-Comp,benchmarks/LIA/2016.SyGuS-Comp/ex7.sl,3,3-5,NeuralInvariantRanker (Chakraborty et al.) -- verified positive invariant
ex7_vars.sl,SaswatPadhi/LoopInvGen,https://github.com/SaswatPadhi/LoopInvGen,benchmarks/LIA/2016.SyGuS-Comp,benchmarks/LIA/2016.SyGuS-Comp/ex7_vars.sl,6,6-10,NeuralInvariantRanker (Chakraborty et al.) -- verified positive invariant
ex_23_vars.sl,SaswatPadhi/LoopInvGen,https://github.com/SaswatPadhi/LoopInvGen,benchmarks/LIA/2016.SyGuS-Comp,benchmarks/LIA/2016.SyGuS-Comp/ex_23_vars.sl,6,6-10,NeuralInvariantRanker (Chakraborty et al.) -- verified positive invariant
fib_01.sl,SaswatPadhi/LoopInvGen,https://github.com/SaswatPadhi/LoopInvGen,benchmarks/LIA/2017.ASE_FiB,benchmarks/LIA/2017.ASE_FiB/fib_01.sl,2,1-2,NeuralInvariantRanker (Chakraborty et al.) -- verified positive invariant
fib_04.sl,SaswatPadhi/LoopInvGen,https://github.com/SaswatPadhi/LoopInvGen,benchmarks/LIA/2017.ASE_FiB,benchmarks/LIA/2017.ASE_FiB/fib_04.sl,2,1-2,NeuralInvariantRanker (Chakraborty et al.) -- verified positive invariant
fib_05_x.sl,SaswatPadhi/LoopInvGen,https://github.com/SaswatPadhi/LoopInvGen,benchmarks/LIA/2017.ASE_FiB,benchmarks/LIA/2017.ASE_FiB/fib_05_x.sl,4,3-5,NeuralInvariantRanker (Chakraborty et al.) -- verified positive invariant
fib_07.sl,SaswatPadhi/LoopInvGen,https://github.com/SaswatPadhi/LoopInvGen,benchmarks/LIA/2017.ASE_FiB,benchmarks/LIA/2017.ASE_FiB/fib_07.sl,4,3-5,NeuralInvariantRanker (Chakraborty et al.) -- verified positive invariant
fib_08.sl,SaswatPadhi/LoopInvGen,https://github.com/SaswatPadhi/LoopInvGen,benchmarks/LIA/2017.ASE_FiB,benchmarks/LIA/2017.ASE_FiB/fib_08.sl,2,1-2,NeuralInvariantRanker (Chakraborty et al.) -- verified positive invariant
fib_09s.sl,SaswatPadhi/LoopInvGen,https://github.com/SaswatPadhi/LoopInvGen,benchmarks/LIA/2017.ASE_FiB,benchmarks/LIA/2017.ASE_FiB/fib_09s.sl,7,6-10,NeuralInvariantRanker (Chakraborty et al.) -- verified positive invariant
fib_10.sl,SaswatPadhi/LoopInvGen,https://github.com/SaswatPadhi/LoopInvGen,benchmarks/LIA/2017.ASE_FiB,benchmarks/LIA/2017.ASE_FiB/fib_10.sl,4,3-5,NeuralInvariantRanker (Chakraborty et al.) -- verified positive invariant
fib_11.sl,SaswatPadhi/LoopInvGen,https://github.com/SaswatPadhi/LoopInvGen,benchmarks/LIA/2017.ASE_FiB,benchmarks/LIA/2017.ASE_FiB/fib_11.sl,3,3-5,NeuralInvariantRanker (Chakraborty et al.) -- verified positive invariant
fib_13.sl,SaswatPadhi/LoopInvGen,https://github.com/SaswatPadhi/LoopInvGen,benchmarks/LIA/2017.ASE_FiB,benchmarks/LIA/2017.ASE_FiB/fib_13.sl,3,3-5,NeuralInvariantRanker (Chakraborty et al.) -- verified positive invariant
fib_14.sl,SaswatPadhi/LoopInvGen,https://github.com/SaswatPadhi/LoopInvGen,benchmarks/LIA/2017.ASE_FiB,benchmarks/LIA/2017.ASE_FiB/fib_14.sl,3,3-5,NeuralInvariantRanker (Chakraborty et al.) -- verified positive invariant
fib_15.sl,SaswatPadhi/LoopInvGen,https://github.com/SaswatPadhi/LoopInvGen,benchmarks/LIA/2017.ASE_FiB,benchmarks/LIA/2017.ASE_FiB/fib_15.sl,3,3-5,NeuralInvariantRanker (Chakraborty et al.) -- verified positive invariant
fib_16.sl,SaswatPadhi/LoopInvGen,https://github.com/SaswatPadhi/LoopInvGen,benchmarks/LIA/2017.ASE_FiB,benchmarks/LIA/2017.ASE_FiB/fib_16.sl,4,3-5,NeuralInvariantRanker (Chakraborty et al.) -- verified positive invariant
fib_17n.sl,SaswatPadhi/LoopInvGen,https://github.com/SaswatPadhi/LoopInvGen,benchmarks/LIA/2017.ASE_FiB,benchmarks/LIA/2017.ASE_FiB/fib_17n.sl,5,3-5,NeuralInvariantRanker (Chakraborty et al.) -- verified positive invariant
fib_18.sl,SaswatPadhi/LoopInvGen,https://github.com/SaswatPadhi/LoopInvGen,benchmarks/LIA/2017.ASE_FiB,benchmarks/LIA/2017.ASE_FiB/fib_18.sl,4,3-5,NeuralInvariantRanker (Chakraborty et al.) -- verified positive invariant
fib_19.sl,SaswatPadhi/LoopInvGen,https://github.com/SaswatPadhi/LoopInvGen,benchmarks/LIA/2017.ASE_FiB,benchmarks/LIA/2017.ASE_FiB/fib_19.sl,4,3-5,NeuralInvariantRanker (Chakraborty et al.) -- verified positive invariant
fib_20.sl,SaswatPadhi/LoopInvGen,https://github.com/SaswatPadhi/LoopInvGen,benchmarks/LIA/2017.ASE_FiB,benchmarks/LIA/2017.ASE_FiB/fib_20.sl,7,6-10,NeuralInvariantRanker (Chakraborty et al.) -- verified positive invariant
fib_21.sl,SaswatPadhi/LoopInvGen,https://github.com/SaswatPadhi/LoopInvGen,benchmarks/LIA/2017.ASE_FiB,benchmarks/LIA/2017.ASE_FiB/fib_21.sl,7,6-10,NeuralInvariantRanker (Chakraborty et al.) -- verified positive invariant
fib_23_x.sl,SaswatPadhi/LoopInvGen,https://github.com/SaswatPadhi/LoopInvGen,benchmarks/LIA/2017.ASE_FiB,benchmarks/LIA/2017.ASE_FiB/fib_23_x.sl,3,3-5,NeuralInvariantRanker (Chakraborty et al.) -- verified positive invariant
fib_25n.sl,SaswatPadhi/LoopInvGen,https://github.com/SaswatPadhi/LoopInvGen,benchmarks/LIA/2017.ASE_FiB,benchmarks/LIA/2017.ASE_FiB/fib_25n.sl,5,3-5,NeuralInvariantRanker (Chakraborty et al.) -- verified positive invariant
fib_28.sl,SaswatPadhi/LoopInvGen,https://github.com/SaswatPadhi/LoopInvGen,benchmarks/LIA/2017.ASE_FiB,benchmarks/LIA/2017.ASE_FiB/fib_28.sl,3,3-5,NeuralInvariantRanker (Chakraborty et al.) -- verified positive invariant
fib_30_x.sl,SaswatPadhi/LoopInvGen,https://github.com/SaswatPadhi/LoopInvGen,benchmarks/LIA/2017.ASE_FiB,benchmarks/LIA/2017.ASE_FiB/fib_30_x.sl,3,3-5,NeuralInvariantRanker (Chakraborty et al.) -- verified positive invariant
fib_35.sl,SaswatPadhi/LoopInvGen,https://github.com/SaswatPadhi/LoopInvGen,benchmarks/LIA/2017.ASE_FiB,benchmarks/LIA/2017.ASE_FiB/fib_35.sl,2,1-2,NeuralInvariantRanker (Chakraborty et al.) -- verified positive invariant
fib_37.sl,SaswatPadhi/LoopInvGen,https://github.com/SaswatPadhi/LoopInvGen,benchmarks/LIA/2017.ASE_FiB,benchmarks/LIA/2017.ASE_FiB/fib_37.sl,3,3-5,NeuralInvariantRanker (Chakraborty et al.) -- verified positive invariant
fib_41.sl,SaswatPadhi/LoopInvGen,https://github.com/SaswatPadhi/LoopInvGen,benchmarks/LIA/2017.ASE_FiB,benchmarks/LIA/2017.ASE_FiB/fib_41.sl,4,3-5,NeuralInvariantRanker (Chakraborty et al.) -- verified positive invariant
fib_43.sl,SaswatPadhi/LoopInvGen,https://github.com/SaswatPadhi/LoopInvGen,benchmarks/LIA/2017.ASE_FiB,benchmarks/LIA/2017.ASE_FiB/fib_43.sl,4,3-5,NeuralInvariantRanker (Chakraborty et al.) -- verified positive invariant
fib_44.sl,SaswatPadhi/LoopInvGen,https://github.com/SaswatPadhi/LoopInvGen,benchmarks/LIA/2017.ASE_FiB,benchmarks/LIA/2017.ASE_FiB/fib_44.sl,4,3-5,NeuralInvariantRanker (Chakraborty et al.) -- verified positive invariant
fig1-new.sl,SaswatPadhi/LoopInvGen,https://github.com/SaswatPadhi/LoopInvGen,benchmarks/LIA/2016.SyGuS-Comp,benchmarks/LIA/2016.SyGuS-Comp/fig1-new.sl,2,1-2,NeuralInvariantRanker (Chakraborty et al.) -- verified positive invariant
fig1.sl,SaswatPadhi/LoopInvGen,https://github.com/SaswatPadhi/LoopInvGen,benchmarks/LIA/2016.SyGuS-Comp,benchmarks/LIA/2016.SyGuS-Comp/fig1.sl,2,1-2,NeuralInvariantRanker (Chakraborty et al.) -- verified positive invariant
fig1_vars-new.sl,SaswatPadhi/LoopInvGen,https://github.com/SaswatPadhi/LoopInvGen,benchmarks/LIA/2016.SyGuS-Comp,benchmarks/LIA/2016.SyGuS-Comp/fig1_vars-new.sl,5,3-5,NeuralInvariantRanker (Chakraborty et al.) -- verified positive invariant
fig1_vars.sl,SaswatPadhi/LoopInvGen,https://github.com/SaswatPadhi/LoopInvGen,benchmarks/LIA/2016.SyGuS-Comp,benchmarks/LIA/2016.SyGuS-Comp/fig1_vars.sl,5,3-5,NeuralInvariantRanker (Chakraborty et al.) -- verified positive invariant
fig2.sl,SaswatPadhi/LoopInvGen,https://github.com/SaswatPadhi/LoopInvGen,benchmarks/LIA/2015.FMCAD_Acceleration,benchmarks/LIA/2015.FMCAD_Acceleration/fig2.sl,4,3-5,NeuralInvariantRanker (Chakraborty et al.) -- verified positive invariant
fig3.sl,SaswatPadhi/LoopInvGen,https://github.com/SaswatPadhi/LoopInvGen,benchmarks/LIA/2016.SyGuS-Comp,benchmarks/LIA/2016.SyGuS-Comp/fig3.sl,3,3-5,NeuralInvariantRanker (Chakraborty et al.) -- verified positive invariant
fig3_vars.sl,SaswatPadhi/LoopInvGen,https://github.com/SaswatPadhi/LoopInvGen,benchmarks/LIA/2016.SyGuS-Comp,benchmarks/LIA/2016.SyGuS-Comp/fig3_vars.sl,6,6-10,NeuralInvariantRanker (Chakraborty et al.) -- verified positive invariant
fig9.sl,SaswatPadhi/LoopInvGen,https://github.com/SaswatPadhi/LoopInvGen,benchmarks/LIA/2016.SyGuS-Comp,benchmarks/LIA/2016.SyGuS-Comp/fig9.sl,2,1-2,NeuralInvariantRanker (Chakraborty et al.) -- verified positive invariant
fig9_vars.sl,SaswatPadhi/LoopInvGen,https://github.com/SaswatPadhi/LoopInvGen,benchmarks/LIA/2016.SyGuS-Comp,benchmarks/LIA/2016.SyGuS-Comp/fig9_vars.sl,5,3-5,NeuralInvariantRanker (Chakraborty et al.) -- verified positive invariant
for_bounded_loop1_false-unreach-call_true-termination.sl,SaswatPadhi/LoopInvGen,https://github.com/SaswatPadhi/LoopInvGen,benchmarks/LIA/2018.SV-Comp,benchmarks/LIA/2018.SV-Comp/for_bounded_loop1_false-unreach-call_true-termination.sl,4,3-5,NeuralInvariantRanker (Chakraborty et al.) -- verified positive invariant
for_infinite_loop_1_true-unreach-call_false-termination.sl,SaswatPadhi/LoopInvGen,https://github.com/SaswatPadhi/LoopInvGen,benchmarks/LIA/2018.SV-Comp,benchmarks/LIA/2018.SV-Comp/for_infinite_loop_1_true-unreach-call_false-termination.sl,4,3-5,NeuralInvariantRanker (Chakraborty et al.) -- verified positive invariant
formula22.sl,SaswatPadhi/LoopInvGen,https://github.com/SaswatPadhi/LoopInvGen,benchmarks/LIA/2016.SyGuS-Comp,benchmarks/LIA/2016.SyGuS-Comp/formula22.sl,3,3-5,NeuralInvariantRanker (Chakraborty et al.) -- verified positive invariant
formula25.sl,SaswatPadhi/LoopInvGen,https://github.com/SaswatPadhi/LoopInvGen,benchmarks/LIA/2016.SyGuS-Comp,benchmarks/LIA/2016.SyGuS-Comp/formula25.sl,4,3-5,NeuralInvariantRanker (Chakraborty et al.) -- verified positive invariant
formula27.sl,SaswatPadhi/LoopInvGen,https://github.com/SaswatPadhi/LoopInvGen,benchmarks/LIA/2016.SyGuS-Comp,benchmarks/LIA/2016.SyGuS-Comp/formula27.sl,5,3-5,NeuralInvariantRanker (Chakraborty et al.) -- verified positive invariant
gauss_sum-more-rows.auto.sl,SaswatPadhi/LoopInvGen,https://github.com/SaswatPadhi/LoopInvGen,benchmarks/NIA/2018.CHI_InvGame,benchmarks/NIA/2018.CHI_InvGame/gauss_sum-more-rows.auto.sl,3,3-5,NeuralInvariantRanker (Chakraborty et al.) -- verified positive invariant
gcnr_tacas08.sl,SaswatPadhi/LoopInvGen,https://github.com/SaswatPadhi/LoopInvGen,benchmarks/LIA/others,benchmarks/LIA/others/gcnr_tacas08.sl,4,3-5,NeuralInvariantRanker (Chakraborty et al.) -- verified positive invariant
gj2007_true-unreach-call_true-termination.sl,SaswatPadhi/LoopInvGen,https://github.com/SaswatPadhi/LoopInvGen,benchmarks/LIA/2018.SV-Comp,benchmarks/LIA/2018.SV-Comp/gj2007_true-unreach-call_true-termination.sl,2,1-2,NeuralInvariantRanker (Chakraborty et al.) -- verified positive invariant
gj2007b_true-unreach-call_true-termination.sl,SaswatPadhi/LoopInvGen,https://github.com/SaswatPadhi/LoopInvGen,benchmarks/LIA/2018.SV-Comp,benchmarks/LIA/2018.SV-Comp/gj2007b_true-unreach-call_true-termination.sl,3,3-5,NeuralInvariantRanker (Chakraborty et al.) -- verified positive invariant
gr2006_true-unreach-call_true-termination.sl,SaswatPadhi/LoopInvGen,https://github.com/SaswatPadhi/LoopInvGen,benchmarks/LIA/2018.SV-Comp,benchmarks/LIA/2018.SV-Comp/gr2006_true-unreach-call_true-termination.sl,2,1-2,NeuralInvariantRanker (Chakraborty et al.) -- verified positive invariant
gsv2008_true-unreach-call_true-termination.sl,SaswatPadhi/LoopInvGen,https://github.com/SaswatPadhi/LoopInvGen,benchmarks/LIA/2018.SV-Comp,benchmarks/LIA/2018.SV-Comp/gsv2008_true-unreach-call_true-termination.sl,2,1-2,NeuralInvariantRanker (Chakraborty et al.) -- verified positive invariant
hhk2008_true-unreach-call_true-termination.sl,SaswatPadhi/LoopInvGen,https://github.com/SaswatPadhi/LoopInvGen,benchmarks/LIA/2018.SV-Comp,benchmarks/LIA/2018.SV-Comp/hhk2008_true-unreach-call_true-termination.sl,4,3-5,NeuralInvariantRanker (Chakraborty et al.) -- verified positive invariant
hola.05.sl,SaswatPadhi/LoopInvGen,https://github.com/SaswatPadhi/LoopInvGen,benchmarks/LIA/2013.OOPSLA_Hola,benchmarks/LIA/2013.OOPSLA_Hola/hola.05.sl,4,3-5,NeuralInvariantRanker (Chakraborty et al.) -- verified positive invariant
hola.07.sl,SaswatPadhi/LoopInvGen,https://github.com/SaswatPadhi/LoopInvGen,benchmarks/LIA/2013.OOPSLA_Hola,benchmarks/LIA/2013.OOPSLA_Hola/hola.07.sl,4,3-5,NeuralInvariantRanker (Chakraborty et al.) -- verified positive invariant
hola.20.sl,SaswatPadhi/LoopInvGen,https://github.com/SaswatPadhi/LoopInvGen,benchmarks/LIA/2013.OOPSLA_Hola,benchmarks/LIA/2013.OOPSLA_Hola/hola.20.sl,7,6-10,NeuralInvariantRanker (Chakraborty et al.) -- verified positive invariant
hola.41-fixed.sl,SaswatPadhi/LoopInvGen,https://github.com/SaswatPadhi/LoopInvGen,benchmarks/LIA/2013.OOPSLA_Hola,benchmarks/LIA/2013.OOPSLA_Hola/hola.41-fixed.sl,4,3-5,NeuralInvariantRanker (Chakraborty et al.) -- verified positive invariant
hola.41.sl,SaswatPadhi/LoopInvGen,https://github.com/SaswatPadhi/LoopInvGen,benchmarks/LIA/2013.OOPSLA_Hola,benchmarks/LIA/2013.OOPSLA_Hola/hola.41.sl,4,3-5,NeuralInvariantRanker (Chakraborty et al.) -- verified positive invariant
hola.44.sl,SaswatPadhi/LoopInvGen,https://github.com/SaswatPadhi/LoopInvGen,benchmarks/LIA/2013.OOPSLA_Hola,benchmarks/LIA/2013.OOPSLA_Hola/hola.44.sl,4,3-5,NeuralInvariantRanker (Chakraborty et al.) -- verified positive invariant
hysteresis_1.sl,SaswatPadhi/LoopInvGen,https://github.com/SaswatPadhi/LoopInvGen,benchmarks/LIA/Lustre,benchmarks/LIA/Lustre/hysteresis_1.sl,13,11-20,NeuralInvariantRanker (Chakraborty et al.) -- verified positive invariant
hysteresis_3.sl,SaswatPadhi/LoopInvGen,https://github.com/SaswatPadhi/LoopInvGen,benchmarks/LIA/Lustre,benchmarks/LIA/Lustre/hysteresis_3.sl,14,11-20,NeuralInvariantRanker (Chakraborty et al.) -- verified positive invariant
inc-array.sl,SaswatPadhi/LoopInvGen,https://github.com/SaswatPadhi/LoopInvGen,benchmarks/ALIA/others,benchmarks/ALIA/others/inc-array.sl,1,1-2,NeuralInvariantRanker (Chakraborty et al.) -- verified positive invariant
inc.sl,SaswatPadhi/LoopInvGen,https://github.com/SaswatPadhi/LoopInvGen,benchmarks/LIA/2016.SyGuS-Comp,benchmarks/LIA/2016.SyGuS-Comp/inc.sl,1,1-2,NeuralInvariantRanker (Chakraborty et al.) -- verified positive invariant
inc_simp.sl,SaswatPadhi/LoopInvGen,https://github.com/SaswatPadhi/LoopInvGen,benchmarks/LIA/2016.SyGuS-Comp,benchmarks/LIA/2016.SyGuS-Comp/inc_simp.sl,2,1-2,NeuralInvariantRanker (Chakraborty et al.) -- verified positive invariant
inc_vars.sl,SaswatPadhi/LoopInvGen,https://github.com/SaswatPadhi/LoopInvGen,benchmarks/LIA/2016.SyGuS-Comp,benchmarks/LIA/2016.SyGuS-Comp/inc_vars.sl,5,3-5,NeuralInvariantRanker (Chakraborty et al.) -- verified positive invariant
inria-00615623_4.sl,SaswatPadhi/LoopInvGen,https://github.com/SaswatPadhi/LoopInvGen,benchmarks/LIA/others,benchmarks/LIA/others/inria-00615623_4.sl,3,3-5,NeuralInvariantRanker (Chakraborty et al.) -- verified positive invariant
issue_8.sl,SaswatPadhi/LoopInvGen,https://github.com/SaswatPadhi/LoopInvGen,benchmarks/NIA/other,benchmarks/NIA/other/issue_8.sl,4,3-5,NeuralInvariantRanker (Chakraborty et al.) -- verified positive invariant
jm2006_true-unreach-call_true-termination.sl,SaswatPadhi/LoopInvGen,https://github.com/SaswatPadhi/LoopInvGen,benchmarks/LIA/2018.SV-Comp,benchmarks/LIA/2018.SV-Comp/jm2006_true-unreach-call_true-termination.sl,4,3-5,NeuralInvariantRanker (Chakraborty et al.) -- verified positive invariant
jm2006_variant_true-unreach-call_true-termination.sl,SaswatPadhi/LoopInvGen,https://github.com/SaswatPadhi/LoopInvGen,benchmarks/LIA/2018.SV-Comp,benchmarks/LIA/2018.SV-Comp/jm2006_variant_true-unreach-call_true-termination.sl,5,3-5,NeuralInvariantRanker (Chakraborty et al.) -- verified positive invariant
mannadiv.sl,SaswatPadhi/LoopInvGen,https://github.com/SaswatPadhi/LoopInvGen,benchmarks/NIA/2016.ATVA_PILAT,benchmarks/NIA/2016.ATVA_PILAT/mannadiv.sl,5,3-5,NeuralInvariantRanker (Chakraborty et al.) -- verified positive invariant
matrix2_simp.sl,SaswatPadhi/LoopInvGen,https://github.com/SaswatPadhi/LoopInvGen,benchmarks/LIA/2016.SyGuS-Comp,benchmarks/LIA/2016.SyGuS-Comp/matrix2_simp.sl,6,6-10,NeuralInvariantRanker (Chakraborty et al.) -- verified positive invariant
minor1.sl,SaswatPadhi/LoopInvGen,https://github.com/SaswatPadhi/LoopInvGen,benchmarks/LIA/2017.ASE_FiB,benchmarks/LIA/2017.ASE_FiB/minor1.sl,1,1-2,NeuralInvariantRanker (Chakraborty et al.) -- verified positive invariant
minor2.sl,SaswatPadhi/LoopInvGen,https://github.com/SaswatPadhi/LoopInvGen,benchmarks/LIA/2017.ASE_FiB,benchmarks/LIA/2017.ASE_FiB/minor2.sl,2,1-2,NeuralInvariantRanker (Chakraborty et al.) -- verified positive invariant
minor3.sl,SaswatPadhi/LoopInvGen,https://github.com/SaswatPadhi/LoopInvGen,benchmarks/LIA/2017.ASE_FiB,benchmarks/LIA/2017.ASE_FiB/minor3.sl,2,1-2,NeuralInvariantRanker (Chakraborty et al.) -- verified positive invariant
mul.sl,SaswatPadhi/LoopInvGen,https://github.com/SaswatPadhi/LoopInvGen,benchmarks/NIA/other,benchmarks/NIA/other/mul.sl,4,3-5,NeuralInvariantRanker (Chakraborty et al.) -- verified positive invariant
multivar_false-unreach-call1_true-termination.sl,SaswatPadhi/LoopInvGen,https://github.com/SaswatPadhi/LoopInvGen,benchmarks/LIA/2018.SV-Comp,benchmarks/LIA/2018.SV-Comp/multivar_false-unreach-call1_true-termination.sl,2,1-2,NeuralInvariantRanker (Chakraborty et al.) -- verified positive invariant
multivar_true-unreach-call1_true-termination.sl,SaswatPadhi/LoopInvGen,https://github.com/SaswatPadhi/LoopInvGen,benchmarks/LIA/2018.SV-Comp,benchmarks/LIA/2018.SV-Comp/multivar_true-unreach-call1_true-termination.sl,2,1-2,NeuralInvariantRanker (Chakraborty et al.) -- verified positive invariant
netbsd_loop_true-unreach-call_true-termination.sl,SaswatPadhi/LoopInvGen,https://github.com/SaswatPadhi/LoopInvGen,benchmarks/LIA/2018.SV-Comp,benchmarks/LIA/2018.SV-Comp/NetBSD_loop_true-unreach-call_true-termination.sl,6,6-10,NeuralInvariantRanker (Chakraborty et al.) -- verified positive invariant
non-lin-ineq-1.desugared.sl,SaswatPadhi/LoopInvGen,https://github.com/SaswatPadhi/LoopInvGen,benchmarks/NIA/2018.CHI_InvGame,benchmarks/NIA/2018.CHI_InvGame/non-lin-ineq-1.desugared.sl,3,3-5,NeuralInvariantRanker (Chakraborty et al.) -- verified positive invariant
non-lin-ineq-2.desugared.sl,SaswatPadhi/LoopInvGen,https://github.com/SaswatPadhi/LoopInvGen,benchmarks/NIA/2018.CHI_InvGame,benchmarks/NIA/2018.CHI_InvGame/non-lin-ineq-2.desugared.sl,3,3-5,NeuralInvariantRanker (Chakraborty et al.) -- verified positive invariant
non-lin-ineq-3.desugared.sl,SaswatPadhi/LoopInvGen,https://github.com/SaswatPadhi/LoopInvGen,benchmarks/NIA/2018.CHI_InvGame,benchmarks/NIA/2018.CHI_InvGame/non-lin-ineq-3.desugared.sl,2,1-2,NeuralInvariantRanker (Chakraborty et al.) -- verified positive invariant
non-lin-ineq-4.desugared.sl,SaswatPadhi/LoopInvGen,https://github.com/SaswatPadhi/LoopInvGen,benchmarks/NIA/2018.CHI_InvGame,benchmarks/NIA/2018.CHI_InvGame/non-lin-ineq-4.desugared.sl,3,3-5,NeuralInvariantRanker (Chakraborty et al.) -- verified positive invariant
pldi18_seahorn_fig3.sl,SaswatPadhi/LoopInvGen,https://github.com/SaswatPadhi/LoopInvGen,benchmarks/LIA/others,benchmarks/LIA/others/pldi18_seahorn_Fig3.sl,3,3-5,NeuralInvariantRanker (Chakraborty et al.) -- verified positive invariant
pldi18_seahorn_fig3_int.sl,SaswatPadhi/LoopInvGen,https://github.com/SaswatPadhi/LoopInvGen,benchmarks/LIA/others,benchmarks/LIA/others/pldi18_seahorn_Fig3_int.sl,3,3-5,NeuralInvariantRanker (Chakraborty et al.) -- verified positive invariant
poly2.sl,SaswatPadhi/LoopInvGen,https://github.com/SaswatPadhi/LoopInvGen,benchmarks/LIA/2005.ICALP_PolyRank,benchmarks/LIA/2005.ICALP_PolyRank/poly2.sl,5,3-5,NeuralInvariantRanker (Chakraborty et al.) -- verified positive invariant
poly9.sl,SaswatPadhi/LoopInvGen,https://github.com/SaswatPadhi/LoopInvGen,benchmarks/LIA/2005.ICALP_PolyRank,benchmarks/LIA/2005.ICALP_PolyRank/poly9.sl,5,3-5,NeuralInvariantRanker (Chakraborty et al.) -- verified positive invariant
pottsumm2.sl,SaswatPadhi/LoopInvGen,https://github.com/SaswatPadhi/LoopInvGen,benchmarks/NIA/other,benchmarks/NIA/other/pottsumm2.sl,4,3-5,NeuralInvariantRanker (Chakraborty et al.) -- verified positive invariant
pottsumm3.sl,SaswatPadhi/LoopInvGen,https://github.com/SaswatPadhi/LoopInvGen,benchmarks/NIA/other,benchmarks/NIA/other/pottsumm3.sl,4,3-5,NeuralInvariantRanker (Chakraborty et al.) -- verified positive invariant
pottsumm4.sl,SaswatPadhi/LoopInvGen,https://github.com/SaswatPadhi/LoopInvGen,benchmarks/NIA/other,benchmarks/NIA/other/pottsumm4.sl,4,3-5,NeuralInvariantRanker (Chakraborty et al.) -- verified positive invariant
prod-bin.desugared.sl,SaswatPadhi/LoopInvGen,https://github.com/SaswatPadhi/LoopInvGen,benchmarks/NIA/2018.CHI_InvGame,benchmarks/NIA/2018.CHI_InvGame/prod-bin.desugared.sl,5,3-5,NeuralInvariantRanker (Chakraborty et al.) -- verified positive invariant
rahul.sl,SaswatPadhi/LoopInvGen,https://github.com/SaswatPadhi/LoopInvGen,benchmarks/LIA/others,benchmarks/LIA/others/rahul.sl,3,3-5,NeuralInvariantRanker (Chakraborty et al.) -- verified positive invariant
s10.desugared.sl,SaswatPadhi/LoopInvGen,https://github.com/SaswatPadhi/LoopInvGen,benchmarks/NIA/2018.CHI_InvGame,benchmarks/NIA/2018.CHI_InvGame/s10.desugared.sl,3,3-5,NeuralInvariantRanker (Chakraborty et al.) -- verified positive invariant
s11.desugared.sl,SaswatPadhi/LoopInvGen,https://github.com/SaswatPadhi/LoopInvGen,benchmarks/NIA/2018.CHI_InvGame,benchmarks/NIA/2018.CHI_InvGame/s11.desugared.sl,4,3-5,NeuralInvariantRanker (Chakraborty et al.) -- verified positive invariant
s5auto.desugared.sl,SaswatPadhi/LoopInvGen,https://github.com/SaswatPadhi/LoopInvGen,benchmarks/NIA/2018.CHI_InvGame,benchmarks/NIA/2018.CHI_InvGame/s5auto.desugared.sl,3,3-5,NeuralInvariantRanker (Chakraborty et al.) -- verified positive invariant
s9.desugared.sl,SaswatPadhi/LoopInvGen,https://github.com/SaswatPadhi/LoopInvGen,benchmarks/NIA/2018.CHI_InvGame,benchmarks/NIA/2018.CHI_InvGame/s9.desugared.sl,4,3-5,NeuralInvariantRanker (Chakraborty et al.) -- verified positive invariant
sendmail-close-angle_true-unreach-call_true-termination.sl,SaswatPadhi/LoopInvGen,https://github.com/SaswatPadhi/LoopInvGen,benchmarks/LIA/2018.SV-Comp,benchmarks/LIA/2018.SV-Comp/sendmail-close-angle_true-unreach-call_true-termination.sl,5,3-5,NeuralInvariantRanker (Chakraborty et al.) -- verified positive invariant
seq_true-unreach-call_true-termination.sl,SaswatPadhi/LoopInvGen,https://github.com/SaswatPadhi/LoopInvGen,benchmarks/LIA/2018.SV-Comp,benchmarks/LIA/2018.SV-Comp/seq_true-unreach-call_true-termination.sl,6,6-10,NeuralInvariantRanker (Chakraborty et al.) -- verified positive invariant
simple_false-unreach-call2_true-termination.sl,SaswatPadhi/LoopInvGen,https://github.com/SaswatPadhi/LoopInvGen,benchmarks/LIA/2018.SV-Comp,benchmarks/LIA/2018.SV-Comp/simple_false-unreach-call2_true-termination.sl,1,1-2,NeuralInvariantRanker (Chakraborty et al.) -- verified positive invariant
simple_vardep_true-unreach-call1_true-termination.sl,SaswatPadhi/LoopInvGen,https://github.com/SaswatPadhi/LoopInvGen,benchmarks/LIA/2018.SV-Comp,benchmarks/LIA/2018.SV-Comp/simple_vardep_true-unreach-call1_true-termination.sl,3,3-5,NeuralInvariantRanker (Chakraborty et al.) -- verified positive invariant
simple_vardep_true-unreach-call2_true-termination.sl,SaswatPadhi/LoopInvGen,https://github.com/SaswatPadhi/LoopInvGen,benchmarks/LIA/2018.SV-Comp,benchmarks/LIA/2018.SV-Comp/simple_vardep_true-unreach-call2_true-termination.sl,3,3-5,NeuralInvariantRanker (Chakraborty et al.) -- verified positive invariant
sorin03.desugared.sl,SaswatPadhi/LoopInvGen,https://github.com/SaswatPadhi/LoopInvGen,benchmarks/NIA/2018.CHI_InvGame,benchmarks/NIA/2018.CHI_InvGame/sorin03.desugared.sl,4,3-5,NeuralInvariantRanker (Chakraborty et al.) -- verified positive invariant
sorin04.desugared.sl,SaswatPadhi/LoopInvGen,https://github.com/SaswatPadhi/LoopInvGen,benchmarks/NIA/2018.CHI_InvGame,benchmarks/NIA/2018.CHI_InvGame/sorin04.desugared.sl,3,3-5,NeuralInvariantRanker (Chakraborty et al.) -- verified positive invariant
speed2.sl,SaswatPadhi/LoopInvGen,https://github.com/SaswatPadhi/LoopInvGen,benchmarks/LIA/Lustre,benchmarks/LIA/Lustre/speed2.sl,14,11-20,NeuralInvariantRanker (Chakraborty et al.) -- verified positive invariant
speed2_e7_223_e7_213.sl,SaswatPadhi/LoopInvGen,https://github.com/SaswatPadhi/LoopInvGen,benchmarks/LIA/Lustre,benchmarks/LIA/Lustre/speed2_e7_223_e7_213.sl,14,11-20,NeuralInvariantRanker (Chakraborty et al.) -- verified positive invariant
speed2_e7_223_e8_329.sl,SaswatPadhi/LoopInvGen,https://github.com/SaswatPadhi/LoopInvGen,benchmarks/LIA/Lustre,benchmarks/LIA/Lustre/speed2_e7_223_e8_329.sl,14,11-20,NeuralInvariantRanker (Chakraborty et al.) -- verified positive invariant
speed2_e7_496.sl,SaswatPadhi/LoopInvGen,https://github.com/SaswatPadhi/LoopInvGen,benchmarks/LIA/Lustre,benchmarks/LIA/Lustre/speed2_e7_496.sl,14,11-20,NeuralInvariantRanker (Chakraborty et al.) -- verified positive invariant
speed2_e8_449.sl,SaswatPadhi/LoopInvGen,https://github.com/SaswatPadhi/LoopInvGen,benchmarks/LIA/Lustre,benchmarks/LIA/Lustre/speed2_e8_449.sl,14,11-20,NeuralInvariantRanker (Chakraborty et al.) -- verified positive invariant
speed2_e8_449_e7_353.sl,SaswatPadhi/LoopInvGen,https://github.com/SaswatPadhi/LoopInvGen,benchmarks/LIA/Lustre,benchmarks/LIA/Lustre/speed2_e8_449_e7_353.sl,14,11-20,NeuralInvariantRanker (Chakraborty et al.) -- verified positive invariant
speed2_e8_449_e8_517.sl,SaswatPadhi/LoopInvGen,https://github.com/SaswatPadhi/LoopInvGen,benchmarks/LIA/Lustre,benchmarks/LIA/Lustre/speed2_e8_449_e8_517.sl,14,11-20,NeuralInvariantRanker (Chakraborty et al.) -- verified positive invariant
speed2_e8_750.sl,SaswatPadhi/LoopInvGen,https://github.com/SaswatPadhi/LoopInvGen,benchmarks/LIA/Lustre,benchmarks/LIA/Lustre/speed2_e8_750.sl,14,11-20,NeuralInvariantRanker (Chakraborty et al.) -- verified positive invariant
speed_e7_207.sl,SaswatPadhi/LoopInvGen,https://github.com/SaswatPadhi/LoopInvGen,benchmarks/LIA/Lustre,benchmarks/LIA/Lustre/speed_e7_207.sl,13,11-20,NeuralInvariantRanker (Chakraborty et al.) -- verified positive invariant
speed_e7_207_e7_538.sl,SaswatPadhi/LoopInvGen,https://github.com/SaswatPadhi/LoopInvGen,benchmarks/LIA/Lustre,benchmarks/LIA/Lustre/speed_e7_207_e7_538.sl,13,11-20,NeuralInvariantRanker (Chakraborty et al.) -- verified positive invariant
speed_e7_207_e8_507.sl,SaswatPadhi/LoopInvGen,https://github.com/SaswatPadhi/LoopInvGen,benchmarks/LIA/Lustre,benchmarks/LIA/Lustre/speed_e7_207_e8_507.sl,13,11-20,NeuralInvariantRanker (Chakraborty et al.) -- verified positive invariant
speed_e7_492.sl,SaswatPadhi/LoopInvGen,https://github.com/SaswatPadhi/LoopInvGen,benchmarks/LIA/Lustre,benchmarks/LIA/Lustre/speed_e7_492.sl,13,11-20,NeuralInvariantRanker (Chakraborty et al.) -- verified positive invariant
speed_e8_649.sl,SaswatPadhi/LoopInvGen,https://github.com/SaswatPadhi/LoopInvGen,benchmarks/LIA/Lustre,benchmarks/LIA/Lustre/speed_e8_649.sl,13,11-20,NeuralInvariantRanker (Chakraborty et al.) -- verified positive invariant
speed_e8_649_e7_709.sl,SaswatPadhi/LoopInvGen,https://github.com/SaswatPadhi/LoopInvGen,benchmarks/LIA/Lustre,benchmarks/LIA/Lustre/speed_e8_649_e7_709.sl,13,11-20,NeuralInvariantRanker (Chakraborty et al.) -- verified positive invariant
sqrt-more-rows-swap-columns.sl,SaswatPadhi/LoopInvGen,https://github.com/SaswatPadhi/LoopInvGen,benchmarks/NIA/2018.CHI_InvGame,benchmarks/NIA/2018.CHI_InvGame/sqrt-more-rows-swap-columns.sl,4,3-5,NeuralInvariantRanker (Chakraborty et al.) -- verified positive invariant
stalmark.sl,SaswatPadhi/LoopInvGen,https://github.com/SaswatPadhi/LoopInvGen,benchmarks/LIA/Lustre,benchmarks/LIA/Lustre/stalmark.sl,5,3-5,NeuralInvariantRanker (Chakraborty et al.) -- verified positive invariant
stalmark_e7_27.sl,SaswatPadhi/LoopInvGen,https://github.com/SaswatPadhi/LoopInvGen,benchmarks/LIA/Lustre,benchmarks/LIA/Lustre/stalmark_e7_27.sl,5,3-5,NeuralInvariantRanker (Chakraborty et al.) -- verified positive invariant
stalmark_e7_27_e7_31.sl,SaswatPadhi/LoopInvGen,https://github.com/SaswatPadhi/LoopInvGen,benchmarks/LIA/Lustre,benchmarks/LIA/Lustre/stalmark_e7_27_e7_31.sl,5,3-5,NeuralInvariantRanker (Chakraborty et al.) -- verified positive invariant
stalmark_e7_76.sl,SaswatPadhi/LoopInvGen,https://github.com/SaswatPadhi/LoopInvGen,benchmarks/LIA/Lustre,benchmarks/LIA/Lustre/stalmark_e7_76.sl,5,3-5,NeuralInvariantRanker (Chakraborty et al.) -- verified positive invariant
sum03_true-unreach-call_false-termination.sl,SaswatPadhi/LoopInvGen,https://github.com/SaswatPadhi/LoopInvGen,benchmarks/LIA/2018.SV-Comp,benchmarks/LIA/2018.SV-Comp/sum03_true-unreach-call_false-termination.sl,4,3-5,NeuralInvariantRanker (Chakraborty et al.) -- verified positive invariant
sum1.sl,SaswatPadhi/LoopInvGen,https://github.com/SaswatPadhi/LoopInvGen,benchmarks/LIA/2016.SyGuS-Comp,benchmarks/LIA/2016.SyGuS-Comp/sum1.sl,3,3-5,NeuralInvariantRanker (Chakraborty et al.) -- verified positive invariant
sum1_vars.sl,SaswatPadhi/LoopInvGen,https://github.com/SaswatPadhi/LoopInvGen,benchmarks/LIA/2016.SyGuS-Comp,benchmarks/LIA/2016.SyGuS-Comp/sum1_vars.sl,6,6-10,NeuralInvariantRanker (Chakraborty et al.) -- verified positive invariant
sum3.sl,SaswatPadhi/LoopInvGen,https://github.com/SaswatPadhi/LoopInvGen,benchmarks/LIA/2016.SyGuS-Comp,benchmarks/LIA/2016.SyGuS-Comp/sum3.sl,2,1-2,NeuralInvariantRanker (Chakraborty et al.) -- verified positive invariant
sum3_vars.sl,SaswatPadhi/LoopInvGen,https://github.com/SaswatPadhi/LoopInvGen,benchmarks/LIA/2016.SyGuS-Comp,benchmarks/LIA/2016.SyGuS-Comp/sum3_vars.sl,5,3-5,NeuralInvariantRanker (Chakraborty et al.) -- verified positive invariant
sum4.sl,SaswatPadhi/LoopInvGen,https://github.com/SaswatPadhi/LoopInvGen,benchmarks/LIA/2016.SyGuS-Comp,benchmarks/LIA/2016.SyGuS-Comp/sum4.sl,2,1-2,NeuralInvariantRanker (Chakraborty et al.) -- verified positive invariant
sum4_simp.sl,SaswatPadhi/LoopInvGen,https://github.com/SaswatPadhi/LoopInvGen,benchmarks/LIA/2016.SyGuS-Comp,benchmarks/LIA/2016.SyGuS-Comp/sum4_simp.sl,3,3-5,NeuralInvariantRanker (Chakraborty et al.) -- verified positive invariant
sum4_vars.sl,SaswatPadhi/LoopInvGen,https://github.com/SaswatPadhi/LoopInvGen,benchmarks/LIA/2016.SyGuS-Comp,benchmarks/LIA/2016.SyGuS-Comp/sum4_vars.sl,6,6-10,NeuralInvariantRanker (Chakraborty et al.) -- verified positive invariant
tacas.sl,SaswatPadhi/LoopInvGen,https://github.com/SaswatPadhi/LoopInvGen,benchmarks/LIA/2016.SyGuS-Comp,benchmarks/LIA/2016.SyGuS-Comp/tacas.sl,4,3-5,NeuralInvariantRanker (Chakraborty et al.) -- verified positive invariant
tacas_vars.sl,SaswatPadhi/LoopInvGen,https://github.com/SaswatPadhi/LoopInvGen,benchmarks/LIA/2016.SyGuS-Comp,benchmarks/LIA/2016.SyGuS-Comp/tacas_vars.sl,7,6-10,NeuralInvariantRanker (Chakraborty et al.) -- verified positive invariant
terminator_02_true-unreach-call_true-termination.sl,SaswatPadhi/LoopInvGen,https://github.com/SaswatPadhi/LoopInvGen,benchmarks/LIA/2018.SV-Comp,benchmarks/LIA/2018.SV-Comp/terminator_02_true-unreach-call_true-termination.sl,2,1-2,NeuralInvariantRanker (Chakraborty et al.) -- verified positive invariant
terminator_03_true-unreach-call_true-termination.sl,SaswatPadhi/LoopInvGen,https://github.com/SaswatPadhi/LoopInvGen,benchmarks/LIA/2018.SV-Comp,benchmarks/LIA/2018.SV-Comp/terminator_03_true-unreach-call_true-termination.sl,2,1-2,NeuralInvariantRanker (Chakraborty et al.) -- verified positive invariant
traffic.sl,SaswatPadhi/LoopInvGen,https://github.com/SaswatPadhi/LoopInvGen,benchmarks/LIA/Lustre,benchmarks/LIA/Lustre/traffic.sl,8,6-10,NeuralInvariantRanker (Chakraborty et al.) -- verified positive invariant
treax1.sl,SaswatPadhi/LoopInvGen,https://github.com/SaswatPadhi/LoopInvGen,benchmarks/LIA/2016.SyGuS-Comp,benchmarks/LIA/2016.SyGuS-Comp/treax1.sl,2,1-2,NeuralInvariantRanker (Chakraborty et al.) -- verified positive invariant
trex1_vars.sl,SaswatPadhi/LoopInvGen,https://github.com/SaswatPadhi/LoopInvGen,benchmarks/LIA/2016.SyGuS-Comp,benchmarks/LIA/2016.SyGuS-Comp/trex1_vars.sl,5,3-5,NeuralInvariantRanker (Chakraborty et al.) -- verified positive invariant
trex3.sl,SaswatPadhi/LoopInvGen,https://github.com/SaswatPadhi/LoopInvGen,benchmarks/LIA/2016.SyGuS-Comp,benchmarks/LIA/2016.SyGuS-Comp/trex3.sl,6,6-10,NeuralInvariantRanker (Chakraborty et al.) -- verified positive invariant
trex3_vars.sl,SaswatPadhi/LoopInvGen,https://github.com/SaswatPadhi/LoopInvGen,benchmarks/LIA/2016.SyGuS-Comp,benchmarks/LIA/2016.SyGuS-Comp/trex3_vars.sl,9,6-10,NeuralInvariantRanker (Chakraborty et al.) -- verified positive invariant
underapprox_true-unreach-call2_true-termination.sl,SaswatPadhi/LoopInvGen,https://github.com/SaswatPadhi/LoopInvGen,benchmarks/LIA/2018.SV-Comp,benchmarks/LIA/2018.SV-Comp/underapprox_true-unreach-call2_true-termination.sl,2,1-2,NeuralInvariantRanker (Chakraborty et al.) -- verified positive invariant
up_true-unreach-call_true-termination.sl,SaswatPadhi/LoopInvGen,https://github.com/SaswatPadhi/LoopInvGen,benchmarks/LIA/2018.SV-Comp,benchmarks/LIA/2018.SV-Comp/up_true-unreach-call_true-termination.sl,4,3-5,NeuralInvariantRanker (Chakraborty et al.) -- verified positive invariant
vardep.sl,SaswatPadhi/LoopInvGen,https://github.com/SaswatPadhi/LoopInvGen,benchmarks/LIA/2017.ASE_FiB,benchmarks/LIA/2017.ASE_FiB/vardep.sl,3,3-5,NeuralInvariantRanker (Chakraborty et al.) -- verified positive invariant
vsend.sl,SaswatPadhi/LoopInvGen,https://github.com/SaswatPadhi/LoopInvGen,benchmarks/LIA/2016.SyGuS-Comp,benchmarks/LIA/2016.SyGuS-Comp/vsend.sl,2,1-2,NeuralInvariantRanker (Chakraborty et al.) -- verified positive invariant
w1.sl,SaswatPadhi/LoopInvGen,https://github.com/SaswatPadhi/LoopInvGen,benchmarks/LIA/2016.SyGuS-Comp,benchmarks/LIA/2016.SyGuS-Comp/w1.sl,2,1-2,NeuralInvariantRanker (Chakraborty et al.) -- verified positive invariant
while_infinite_loop_3_true-unreach-call_false-termination.sl,SaswatPadhi/LoopInvGen,https://github.com/SaswatPadhi/LoopInvGen,benchmarks/LIA/2018.SV-Comp,benchmarks/LIA/2018.SV-Comp/while_infinite_loop_3_true-unreach-call_false-termination.sl,1,1-2,NeuralInvariantRanker (Chakraborty et al.) -- verified positive invariant
while_infinite_loop_4_false-unreach-call_true-termination.sl,SaswatPadhi/LoopInvGen,https://github.com/SaswatPadhi/LoopInvGen,benchmarks/LIA/2018.SV-Comp,benchmarks/LIA/2018.SV-Comp/while_infinite_loop_4_false-unreach-call_true-termination.sl,1,1-2,NeuralInvariantRanker (Chakraborty et al.) -- verified positive invariant
